"x","y","cell_id","population","infected_DM_0","infected_DM_1","infected_DM_2","infected_DM_3","u","var","sd","IoD","CoV"
-2.2656636,53.4402279,-6954263172235078656,58,0,0,1,0,0.25,0.25,0.5,1,2
-2.2639186,53.401581,8774893376785942528,38,0,0,1,0,0.25,0.25,0.5,1,2
-2.263952,53.4069741,-2540649673480081920,6,0,0,1,0,0.25,0.25,0.5,1,2
-2.2624367,53.4051797,6558309216546043904,70,1,0,0,1,0.5,0.333333333333333,0.577350269189626,0.666666666666667,1.15470053837925
-2.262481,53.4123705,-794175671944787200,17,0,1,0,1,0.5,0.333333333333333,0.577350269189626,0.666666666666667,1.15470053837925
-2.2625364,53.4213589,-5441153801290021888,93,2,1,0,2,1.25,0.916666666666667,0.957427107756338,0.733333333333333,0.765941686205071
-2.2625531,53.4240555,-5944133414741826560,35,0,2,0,0,0.5,1,1,2,2
-2.2626751,53.44383,4841772569815309312,21,0,1,0,0,0.25,0.25,0.5,1,2
-2.2609546,53.4087784,-6054602705832647680,47,0,1,0,0,0.25,0.25,0.5,1,2
-2.2610152,53.4186657,5173944745410239488,41,0,1,0,0,0.25,0.25,0.5,1,2
-2.2610427,53.4231599,-97734301553612064,25,0,0,1,0,0.25,0.25,0.5,1,2
-2.2595106,53.418669,1878073865649755904,87,0,1,2,2,1.25,0.916666666666667,0.957427107756338,0.733333333333333,0.765941686205071
-2.259516,53.4195678,-6359262275304226816,51,1,1,0,0,0.5,0.333333333333333,0.577350269189626,0.666666666666667,1.15470053837925
-2.2595982,53.4330505,4728380058564738048,114,0,1,0,0,0.25,0.25,0.5,1,2
-2.2580223,53.4213688,-4.182704147092e+18,80,3,2,1,1,1.75,0.916666666666667,0.957427107756338,0.523809523809524,0.547101204432193
-2.258104,53.4348514,4541397942516936192,97,1,2,0,0,0.75,0.916666666666667,0.957427107756338,1.22222222222222,1.27656947700845
-2.2581258,53.4384468,2641711967522112000,22,1,0,0,0,0.25,0.25,0.5,1,2
-2.2564472,53.4096871,-8491193124248103936,67,0,1,0,0,0.25,0.25,0.5,1,2
-2.256588,53.433057,3189310789920967168,21,0,0,0,1,0.25,0.25,0.5,1,2
-2.2566368,53.4411466,-7727797502955529216,73,0,0,0,1,0.25,0.25,0.5,1,2
-2.2549214,53.4060949,7825575789392472064,77,0,1,0,0,0.25,0.25,0.5,1,2
-2.2549375,53.4087914,4616863920785016832,115,0,1,1,0,0.5,0.333333333333333,0.577350269189626,0.666666666666667,1.15470053837925
-2.250504,53.4222837,2470063413266779648,35,1,1,1,1,1,0,0,0,0
-2.2506151,53.4411593,-7675963362233193472,71,1,1,1,0,0.75,0.25,0.5,0.333333333333333,0.666666666666667
-2.2489572,53.4150961,-5300423288364412928,119,1,3,0,2,1.5,1.66666666666667,1.29099444873581,1.11111111111111,0.86066296582387
-2.2490098,53.4240845,-8275522262796308480,40,2,0,1,0,0.75,0.916666666666667,0.957427107756338,1.22222222222222,1.27656947700845
-2.2490518,53.4312752,8508474655642063872,125,0,2,1,0,0.75,0.916666666666667,0.957427107756338,1.22222222222222,1.27656947700845
-2.2474893,53.4213911,-6638174946424822784,18,0,0,0,1,0.25,0.25,0.5,1,2
-2.245995,53.4231919,8072546588513413120,108,1,0,0,1,0.5,0.333333333333333,0.577350269189626,0.666666666666667,1.15470053837925
-2.2460469,53.4321803,-4748077364415549440,45,0,1,0,0,0.25,0.25,0.5,1,2
-2.2444747,53.4204985,-3364574189870694912,62,0,1,2,2,1.25,0.916666666666667,0.957427107756338,0.733333333333333,0.765941686205071
-2.2445521,53.4339811,1769455742939329280,97,0,0,1,1,0.5,0.333333333333333,0.577350269189626,0.666666666666667,1.15470053837925
-2.2430829,53.4402761,-7297340031951180800,55,1,0,0,0,0.25,0.25,0.5,1,2
-2.2431343,53.4492645,17445471515811558,87,0,0,0,1,0.25,0.25,0.5,1,2
-2.2414602,53.4196057,7.480125240018e+18,120,1,0,3,1,1.25,1.58333333333333,1.25830573921179,1.26666666666667,1.00664459136943
-2.2414959,53.4258976,2284183142951257856,145,0,1,1,0,0.5,0.333333333333333,0.577350269189626,0.666666666666667,1.15470053837925
-2.2415673,53.4384814,8680781882765784064,75,1,1,0,0,0.5,0.333333333333333,0.577350269189626,0.666666666666667,1.15470053837925
-2.2417563,53.4717385,-8856656228966393856,456,0,0,0,1,0.25,0.25,0.5,1,2
-2.239991,53.4259007,-7923449936269306880,121,0,1,1,0,0.5,0.333333333333333,0.577350269189626,0.666666666666667,1.15470053837925
-2.2400113,53.4294961,8670404234424253440,74,0,0,2,0,0.5,1,1,2,2
-2.2400214,53.4312937,5567086842704958464,51,0,1,0,0,0.25,0.25,0.5,1,2
-2.240062,53.4384845,-4556176508422569472,87,0,1,0,0,0.25,0.25,0.5,1,2
-2.2401178,53.4483717,-410353829836573952,91,0,1,0,0,0.25,0.25,0.5,1,2
-2.2401584,53.4555625,8135992453152823296,219,0,0,0,1,0.25,0.25,0.5,1,2
-2.2385668,53.4402852,-8913844776342746112,73,0,0,0,1,0.25,0.25,0.5,1,2
-2.2369363,53.4178171,3059311806497755648,149,0,0,1,1,0.5,0.333333333333333,0.577350269189626,0.666666666666667,1.15470053837925
-2.2369563,53.4214125,-3668883471361385984,33,0,0,0,1,0.25,0.25,0.5,1,2
-2.2370564,53.4393893,-7613659717524540416,98,0,1,0,0,0.25,0.25,0.5,1,2
-2.2370614,53.4402882,5088858815127454720,84,1,0,0,0,0.25,0.25,0.5,1,2
-2.2370864,53.4447824,-5084443102995850240,47,0,0,0,1,0.25,0.25,0.5,1,2
-2.2371566,53.4573662,5301323720246155264,150,0,1,1,0,0.5,0.333333333333333,0.577350269189626,0.666666666666667,1.15470053837925
-2.2354168,53.4151235,-7687502650302205952,75,0,0,1,0,0.25,0.25,0.5,1,2
-2.2910706,53.413203,-2591732382517740032,54,0,1,0,0,0.25,0.25,0.5,1,2
-2.2835186,53.4087269,3087112355122137600,85,1,1,1,1,1,0,0,0,0
-2.282056,53.4150224,-8879952954009293824,50,1,0,0,0,0.25,0.25,0.5,1,2
-2.2789999,53.4078387,125028254233245408,20,1,2,1,5,2.25,3.58333333333333,1.89296944860009,1.59259259259259,0.841319754933374
-2.2790235,53.4114341,1397196653590858496,47,0,0,1,0,0.25,0.25,0.5,1,2
-2.2775074,53.4096399,4947301433501199360,82,1,3,4,4,3,2,1.4142135623731,0.666666666666667,0.471404520791032
-2.2777125,53.4410994,-6327396498288151552,118,0,0,0,1,0.25,0.25,0.5,1,2
-2.2760031,53.4096434,-8820616222601541632,58,6,4,6,6,5.5,1,1,0.181818181818182,0.181818181818182
-2.2760206,53.4123399,5726773707050736640,73,2,0,4,2,2,2.66666666666667,1.63299316185545,1.33333333333333,0.816496580927726
-2.2744872,53.4078492,5587628396275937280,46,6,6,8,6,6.5,1,1,0.153846153846154,0.153846153846154
-2.274493,53.408748,-154122749003444512,56,11,3,7,9,7.5,11.6666666666667,3.41565025531987,1.55555555555556,0.455420034042649
-2.2746959,53.4402075,-7173369861790438400,89,0,0,0,1,0.25,0.25,0.5,1,2
-2.2730118,53.4123469,-3201484322756806144,77,3,5,2,2,3,2,1.4142135623731,0.666666666666667,0.471404520791032
-2.2715074,53.4123503,-2913805330674472448,69,2,5,3,5,3.75,2.25,1.5,0.6,0.4
-2.270003,53.4123537,8289595978423360512,49,2,3,1,3,2.25,0.916666666666667,0.957427107756338,0.407407407407407,0.425523159002817
-2.2669829,53.4105628,-1058014846724638976,5,0,0,0,1,0.25,0.25,0.5,1,2
-2.2654394,53.4042742,5306168693943067648,45,3,1,0,1,1.25,1.58333333333333,1.25830573921179,1.26666666666667,1.00664459136943
-2.2654506,53.4060719,191947070037925600,34,3,1,0,1,1.25,1.58333333333333,1.25830573921179,1.26666666666667,1.00664459136943
-2.265473,53.4096673,-5.106175553059e+18,39,2,2,1,0,1.25,0.916666666666667,0.957427107756338,0.733333333333333,0.765941686205071
-2.2639576,53.407873,-7392318821772541952,53,1,3,2,1,1.75,0.916666666666667,0.957427107756338,0.523809523809524,0.547101204432193
-2.2639687,53.4096706,-1212521488197726464,15,0,0,1,1,0.5,0.333333333333333,0.577350269189626,0.666666666666667,1.15470053837925
-2.2639798,53.4114683,3918830831337348608,32,2,2,2,3,2.25,0.25,0.5,0.111111111111111,0.222222222222222
-2.2623869,53.3970901,-5513358716948898816,48,0,1,0,0,0.25,0.25,0.5,1,2
-2.2625475,53.4231566,4620571431220990976,172,0,2,1,3,1.5,1.66666666666667,1.29099444873581,1.11111111111111,0.86066296582387
-2.2610648,53.4267553,1881598345399029504,82,0,0,1,1,0.5,0.333333333333333,0.577350269189626,0.666666666666667,1.15470053837925
-2.2581858,53.448334,2182611429018783488,147,0,0,0,1,0.25,0.25,0.5,1,2
-2.2565988,53.4348547,392240170952047360,80,0,0,1,0,0.25,0.25,0.5,1,2
-2.256691,53.4501349,2900630327606301184,140,0,0,0,1,0.25,0.25,0.5,1,2
-2.2550236,53.4231729,645854827671183104,53,1,0,0,0,0.25,0.25,0.5,1,2
-2.255029,53.4240718,3865591119366497792,65,1,0,0,1,0.5,0.333333333333333,0.577350269189626,0.666666666666667,1.15470053837925
-2.2552069,53.4537335,-3264897569426265600,67,0,0,1,0,0.25,0.25,0.5,1,2
-2.2536152,53.4393553,4248305749307545088,36,0,1,0,1,0.5,0.333333333333333,0.577350269189626,0.666666666666667,1.15470053837925
-2.253701,53.4537367,317066603556146944,108,0,1,0,0,0.25,0.25,0.5,1,2
-2.2519237,53.407899,-6117992627561579520,21,0,1,0,0,0.25,0.25,0.5,1,2
-2.2504564,53.4141941,2000888241409796864,2,0,0,1,0,0.25,0.25,0.5,1,2
-2.248994,53.421388,-6940811053869699072,152,1,3,2,1,1.75,0.916666666666667,0.957427107756338,0.523809523809524,0.547101204432193
-2.2490308,53.4276799,1036313237803250432,105,1,2,0,0,0.75,0.916666666666667,0.957427107756338,1.22222222222222,1.27656947700845
-2.2475102,53.4249865,-5879721582954902528,33,0,0,1,0,0.25,0.25,0.5,1,2
-2.2475363,53.4294807,5130503960379421696,126,1,0,0,0,0.25,0.25,0.5,1,2
-2.2476148,53.4429633,-4969036807814083584,42,0,0,0,1,0.25,0.25,0.5,1,2
-2.2459482,53.4151023,-2150724162158343424,66,1,0,0,0,0.25,0.25,0.5,1,2
-2.2460157,53.4267873,7716747286468480000,128,1,1,1,2,1.25,0.25,0.5,0.2,0.4
-2.2444798,53.4213973,-7217704855145568256,29,0,1,0,0,0.25,0.25,0.5,1,2
-2.2445573,53.4348799,-2064972890530953472,99,1,0,0,0,0.25,0.25,0.5,1,2
-2.2446296,53.4474637,-8244092857107468288,34,0,0,1,0,0.25,0.25,0.5,1,2
-2.2429751,53.4214004,-2474266004321520128,42,0,0,0,2,0.5,1,1,2,2
-2.2414653,53.4205046,6213440935825530880,86,0,0,0,1,0.25,0.25,0.5,1,2
-2.2414908,53.4249988,2795960880575520256,144,1,2,1,0,1,0.666666666666667,0.816496580927726,0.666666666666667,0.816496580927726
-2.241552,53.4357849,-6.125740427307e+18,76,0,0,1,1,0.5,0.333333333333333,0.577350269189626,0.666666666666667,1.15470053837925
-2.2416082,53.4456722,1086229531972190976,77,0,0,1,0,0.25,0.25,0.5,1,2
-2.2399302,53.4151146,-3726689387908247040,56,0,0,0,1,0.25,0.25,0.5,1,2
-2.2399556,53.4196088,-8247584819079298048,34,0,0,1,0,0.25,0.25,0.5,1,2
-2.2399758,53.4232042,-4598569392153701888,54,0,1,0,0,0.25,0.25,0.5,1,2
-2.2400367,53.4339903,-7794109970716496896,80,0,2,1,2,1.25,0.916666666666667,0.957427107756338,0.733333333333333,0.765941686205071
-2.2400468,53.435788,3931137325247332864,97,0,1,0,1,0.5,0.333333333333333,0.577350269189626,0.666666666666667,1.15470053837925
-2.2400823,53.4420799,1769312763793713920,88,0,0,1,1,0.5,0.333333333333333,0.577350269189626,0.666666666666667,1.15470053837925
-2.2401127,53.4474729,-4075745423687112192,96,1,0,1,0,0.5,0.333333333333333,0.577350269189626,0.666666666666667,1.15470053837925
-2.240128,53.4501694,-4326530161537608192,108,1,0,0,0,0.25,0.25,0.5,1,2
-2.2384509,53.4196118,-1098098545308658944,60,0,0,0,1,0.25,0.25,0.5,1,2
-2.238471,53.4232072,-1742205254388824320,92,1,0,0,2,0.75,0.916666666666667,0.957427107756338,1.22222222222222,1.27656947700845
-2.2384811,53.4250049,3009794508448603648,110,0,1,0,0,0.25,0.25,0.5,1,2
-2.2384962,53.4277014,5930788154385855488,119,2,0,0,1,0.75,0.916666666666667,0.957427107756338,1.22222222222222,1.27656947700845
-2.2385365,53.4348921,-6063317493100775424,110,1,0,1,2,1,0.666666666666667,0.816496580927726,0.666666666666667,0.816496580927726
-2.2386172,53.4492736,3602411090962543104,162,0,0,0,1,0.25,0.25,0.5,1,2
-2.2369262,53.4160194,-1619478356097320192,69,1,0,1,0,0.5,0.333333333333333,0.577350269189626,0.666666666666667,1.15470053837925
-2.2369713,53.424109,-8540306758654236672,51,2,1,1,1,1.25,0.25,0.5,0.2,0.4
-2.2370213,53.4330975,-9112110573945194496,75,0,1,0,1,0.5,0.333333333333333,0.577350269189626,0.666666666666667,1.15470053837925
-2.2371516,53.4564673,-2327882606240945664,111,1,0,0,0,0.25,0.25,0.5,1,2
-2.2354118,53.4142247,3442503183103417856,68,1,0,0,0,0.25,0.25,0.5,1,2
-2.2354317,53.4178201,-6391442962836664320,110,2,0,0,2,1,1.33333333333333,1.15470053837925,1.33333333333333,1.15470053837925
-2.2354515,53.4214155,-1070523536778915072,38,1,0,0,0,0.25,0.25,0.5,1,2
-2.2355361,53.4366958,3887636220315789824,84,0,1,0,0,0.25,0.25,0.5,1,2
-2.2340605,53.4420918,-3933303127479475712,105,0,0,0,2,0.5,1,1,2,2
-2.2340902,53.4474849,-6591207244879713280,108,0,1,0,1,0.5,0.333333333333333,0.577350269189626,0.666666666666667,1.15470053837925
-2.2341149,53.4519791,7425251102689444864,155,0,1,0,0,0.25,0.25,0.5,1,2
-2.2325059,53.4331063,8459864537101176832,60,0,0,0,2,0.5,1,1,2,2
-2.2325108,53.4340052,7456298134039442432,133,0,0,0,1,0.25,0.25,0.5,1,2
-2.2325551,53.4420948,-8226178003685262336,108,1,0,1,0,0.5,0.333333333333333,0.577350269189626,0.666666666666667,1.15470053837925
-2.232614,53.4528809,-1235858856937512192,208,0,0,1,0,0.25,0.25,0.5,1,2
-2.2309471,53.423222,5611432695519511552,116,0,1,1,0,0.5,0.333333333333333,0.577350269189626,0.666666666666667,1.15470053837925
-2.230952,53.4241208,-1491080636335442176,117,2,1,1,0,1,0.666666666666667,0.816496580927726,0.666666666666667,0.816496580927726
-2.2310398,53.4403,-2682978765406274048,70,1,0,0,1,0.5,0.333333333333333,0.577350269189626,0.666666666666667,1.15470053837925
-2.2310984,53.4510861,5698718543070881792,249,1,0,0,1,0.5,0.333333333333333,0.577350269189626,0.666666666666667,1.15470053837925
-2.2311131,53.4537826,3736304214627385856,292,1,1,1,0,0.75,0.25,0.5,0.333333333333333,0.666666666666667
-2.2294569,53.4259214,6879190458866563072,54,0,2,1,0,0.75,0.916666666666667,0.957427107756338,1.22222222222222,1.27656947700845
-2.2294617,53.4268203,1990722308189258496,52,0,0,1,0,0.25,0.25,0.5,1,2
-2.2295587,53.4447971,2257467555694027520,72,0,1,0,0,0.25,0.25,0.5,1,2
-2.2279857,53.4322162,-55595343017328920,112,0,3,1,1,1.25,1.58333333333333,1.25830573921179,1.26666666666667,1.00664459136943
-2.2280483,53.4439012,1539699441101138688,47,1,0,0,0,0.25,0.25,0.5,1,2
-2.2281062,53.4546873,-796326629284414720,149,0,0,1,0,0.25,0.25,0.5,1,2
-2.226342,53.4061525,-7912583128099283968,72,0,1,0,0,0.25,0.25,0.5,1,2
-2.226495,53.4349156,-184485227483581728,150,0,0,1,0,0.25,0.25,0.5,1,2
-2.2264998,53.4358144,2868797294355839488,175,0,0,0,2,0.5,1,1,2,2
-2.2265237,53.4403087,1258668625276788480,129,1,1,0,0,0.5,0.333333333333333,0.577350269189626,0.666666666666667,1.15470053837925
-2.2266242,53.4591843,8741451993315398656,680,1,1,0,1,0.75,0.25,0.5,0.333333333333333,0.666666666666667
-2.224985,53.4340196,-2372993495119785472,93,1,1,0,0,0.5,0.333333333333333,0.577350269189626,0.666666666666667,1.15470053837925
-2.225004,53.437615,4519213211609358848,104,0,0,1,0,0.25,0.25,0.5,1,2
-2.2233949,53.4178432,-4731821286731220992,103,0,2,1,0,0.75,0.916666666666667,0.957427107756338,1.22222222222222,1.27656947700845
-2.2234657,53.4313259,-332025195348811008,107,0,1,0,0,0.25,0.25,0.5,1,2
-2.2234799,53.4340224,-3716113498833270272,121,0,1,1,1,0.75,0.25,0.5,0.333333333333333,0.666666666666667
-2.223494,53.436719,5062442451421902848,166,1,2,1,2,1.5,0.333333333333333,0.577350269189626,0.222222222222222,0.38490017945975
-2.2234987,53.4376178,6068489294585030656,225,0,1,1,0,0.5,0.333333333333333,0.577350269189626,0.666666666666667,1.15470053837925
-2.2218622,53.412453,8698308978103846912,58,0,2,0,0,0.5,1,1,2,2
-2.2219044,53.4205426,2277967006411247360,88,0,0,0,1,0.25,0.25,0.5,1,2
-2.2219981,53.4385195,7223335276483340288,79,0,0,1,0,0.25,0.25,0.5,1,2
-2.222031,53.4448114,-42709499990171928,134,0,0,0,1,0.25,0.25,0.5,1,2
-2.2220732,53.4529009,2255462054528927488,82,0,0,0,1,0.25,0.25,0.5,1,2
-2.2204509,53.4304327,864096690897317632,95,0,1,0,0,0.25,0.25,0.5,1,2
-2.2189366,53.4286377,-6509470037929821184,73,1,0,0,1,0.5,0.333333333333333,0.577350269189626,0.666666666666667,1.15470053837925
-2.2189459,53.4304354,-6531712291690979328,113,1,0,0,0,0.25,0.25,0.5,1,2
-2.2189597,53.433132,-5210557400191173632,120,1,0,0,0,0.25,0.25,0.5,1,2
-2.2189921,53.4394239,-6968436138207092736,149,1,0,0,1,0.5,0.333333333333333,0.577350269189626,0.666666666666667,1.15470053837925
-2.2173903,53.4205509,654894789227815680,157,0,1,0,1,0.5,0.333333333333333,0.577350269189626,0.666666666666667,1.15470053837925
-2.2175695,53.4556058,-8069416875561799680,113,0,0,0,1,0.25,0.25,0.5,1,2
-2.2159449,53.4322386,6997723406242780160,109,0,0,0,1,0.25,0.25,0.5,1,2
-2.2160545,53.4538108,7015746784659691520,111,0,0,0,1,0.25,0.25,0.5,1,2
-2.2144081,53.4259494,-3863457644212063744,99,0,0,0,1,0.25,0.25,0.5,1,2
-2.2145395,53.4520159,-1030591265981854976,115,0,0,1,0,0.25,0.25,0.5,1,2
-2.2129797,53.4412325,-4205228152766701056,228,0,0,1,0,0.25,0.25,0.5,1,2
-2.2129842,53.4421313,4271138640325315072,103,0,0,1,0,0.25,0.25,0.5,1,2
-2.2113716,53.4205617,6609137962435252224,128,0,1,0,0,0.25,0.25,0.5,1,2
-2.2114743,53.4412351,7222454761133521920,298,0,2,0,2,1,1.33333333333333,1.15470053837925,1.33333333333333,1.15470053837925
-2.209889,53.4250586,-1027066858264230144,90,0,0,1,0,0.25,0.25,0.5,1,2
-2.20996,53.4394401,1022837079674025728,80,0,0,1,0,0.25,0.25,0.5,1,2
-2.2100443,53.4565181,-2256721627005357312,182,1,0,0,0,0.25,0.25,0.5,1,2
-2.2084414,53.4367462,5633318785616323584,83,0,0,1,0,0.25,0.25,0.5,1,2
-2.2084502,53.4385439,9147437442063163392,85,1,0,0,0,0.25,0.25,0.5,1,2
-2.2068706,53.4232662,-4609209836555454976,75,0,0,1,1,0.5,0.333333333333333,0.577350269189626,0.666666666666667,1.15470053837925
-2.2069099,53.4313558,2776736908252466688,71,0,1,0,0,0.25,0.25,0.5,1,2
-2.2070499,53.4601187,7386968241185857536,40,0,0,1,0,0.25,0.25,0.5,1,2
-2.2053832,53.4268641,-4250737663079566848,42,0,1,0,0,0.25,0.25,0.5,1,2
-2.2054873,53.4484364,-3500963601324892672,108,1,0,1,1,0.75,0.25,0.5,0.333333333333333,0.666666666666667
-2.2055264,53.456526,-6503869555326495744,176,1,0,0,1,0.5,0.333333333333333,0.577350269189626,0.666666666666667,1.15470053837925
-2.2038998,53.4313609,-9174061010854725632,108,0,0,1,0,0.25,0.25,0.5,1,2
-2.2040118,53.4547309,4228576129743229440,259,0,0,1,0,0.25,0.25,0.5,1,2
-2.2040162,53.4556297,-1057028685199039744,177,0,0,0,1,0.25,0.25,0.5,1,2
-2.2024118,53.4349589,-3030823524605562368,95,1,1,0,0,0.5,0.333333333333333,0.577350269189626,0.666666666666667,1.15470053837925
-2.2008981,53.4331637,3571817784637116928,66,0,0,1,0,0.25,0.25,0.5,1,2
-2.199393,53.4331663,-2556657990277962240,90,1,0,0,0,0.25,0.25,0.5,1,2
-2.1994225,53.4394582,5270886686828604416,175,0,0,1,0,0.25,0.25,0.5,1,2
-2.1994351,53.4421547,-8912189203692275712,118,1,0,0,0,0.25,0.25,0.5,1,2
-2.1994435,53.4439524,7042789668774759424,171,0,0,1,0,0.25,0.25,0.5,1,2
-2.1949641,53.4520495,1802571381737091840,83,1,0,0,1,0.5,0.333333333333333,0.577350269189626,0.666666666666667,1.15470053837925
-2.1949929,53.4583413,9214349772145384448,96,1,0,0,0,0.25,0.25,0.5,1,2
-2.1919646,53.4547509,-4037831581297977856,175,0,1,0,0,0.25,0.25,0.5,1,2
-2.1888889,53.4403742,-5673440191167383552,168,0,1,0,1,0.5,0.333333333333333,0.577350269189626,0.666666666666667,1.15470053837925
-2.1873994,53.4439719,6722709968340174848,183,0,0,1,1,0.5,0.333333333333333,0.577350269189626,0.666666666666667,1.15470053837925
-2.1874113,53.4466685,-7896636612199052288,172,0,1,0,1,0.5,0.333333333333333,0.577350269189626,0.666666666666667,1.15470053837925
-2.2837402,53.441984,8257313254364284928,115,1,0,0,0,0.25,0.25,0.5,1,2
-2.2820322,53.411427,1918676013147418368,72,0,2,0,0,0.5,1,1,2,2
-2.2790058,53.4087376,-9079078786806893568,63,5,2,5,4,4,2,1.4142135623731,0.5,0.353553390593274
-2.2790176,53.4105353,-720198948206891264,57,1,4,1,2,2,2,1.4142135623731,1,0.707106781186548
-2.2775132,53.4105388,-809025424957743360,65,5,3,3,4,3.75,0.916666666666667,0.957427107756338,0.244444444444444,0.25531389540169
-2.2759973,53.4087446,5090933542953084928,48,4,3,5,4,4,0.666666666666667,0.816496580927726,0.166666666666667,0.204124145231932
-2.1678241,53.4431022,4987154176517057536,100,1,0,0,0,0.25,0.25,0.5,1,2
-2.2744988,53.4096469,-8652780654463675392,48,6,6,4,3,4.75,2.25,1.5,0.473684210526316,0.315789473684211
-2.2745046,53.4105457,1638892240774247168,56,1,2,4,7,3.5,7,2.64575131106459,2,0.755928946018455
-2.2745162,53.4123434,-3003564523107644928,76,1,1,2,3,1.75,0.916666666666667,0.957427107756338,0.523809523809524,0.547101204432193
-2.273006,53.411448,8034210142837127168,50,3,3,6,5,4.25,2.25,1.5,0.529411764705882,0.352941176470588
-2.2699973,53.4114549,8390588510712099840,59,3,4,2,4,3.25,0.916666666666667,0.957427107756338,0.282051282051282,0.294592956232719
-2.2701227,53.4312294,3859221988505240064,63,0,1,0,0,0.25,0.25,0.5,1,2
-2.2684816,53.4096606,8549456409320923136,24,0,1,0,3,1,2,1.4142135623731,2,1.4142135623731
-2.2669491,53.4051697,-8755749279210094592,17,1,0,0,0,0.25,0.25,0.5,1,2
-2.2669548,53.4060686,9216274055279208448,17,1,0,1,0,0.5,0.333333333333333,0.577350269189626,0.666666666666667,1.15470053837925
-2.2654786,53.4105662,5190976375843750912,27,0,0,2,1,0.75,0.916666666666667,0.957427107756338,1.22222222222222,1.27656947700845
-2.2655627,53.4240488,-1222251125867362560,56,1,1,0,0,0.5,0.333333333333333,0.577350269189626,0.666666666666667,1.15470053837925
-2.2655851,53.4276442,1410803942446144256,76,0,0,1,0,0.25,0.25,0.5,1,2
-2.2655907,53.428543,3654799337265088000,81,1,1,0,0,0.5,0.333333333333333,0.577350269189626,0.666666666666667,1.15470053837925
-2.1573788,53.4682842,-3368717630815104512,164,0,0,1,0,0.25,0.25,0.5,1,2
-2.2640411,53.4213556,-2287196320567020800,92,0,2,0,2,1,1.33333333333333,1.15470053837925,1.33333333333333,1.15470053837925
-2.2640579,53.4240521,-9012056442493735936,82,0,0,1,1,0.5,0.333333333333333,0.577350269189626,0.666666666666667,1.15470053837925
-2.2641694,53.442029,8397302619339650048,109,0,1,0,0,0.25,0.25,0.5,1,2
-2.2642923,53.4618034,6620411415886220288,214,0,1,0,0,0.25,0.25,0.5,1,2
-2.2624478,53.4069774,-3304283702880860672,25,0,1,0,0,0.25,0.25,0.5,1,2
-2.2624644,53.409674,-7543058671280571392,58,0,0,2,3,1.25,2.25,1.5,1.8,1.2
-2.2625641,53.4258532,67320696059877096,65,0,1,1,0,0.5,0.333333333333333,0.577350269189626,0.666666666666667,1.15470053837925
-2.2609326,53.405183,2813211950249461248,53,0,2,0,0,0.5,1,1,2,2
-2.2609601,53.4096773,1868635445575148288,40,0,0,1,0,0.25,0.25,0.5,1,2
-2.2610317,53.4213622,-5735252502786714624,85,0,3,0,1,1,2,1.4142135623731,2,1.4142135623731
-2.2610979,53.4321483,1427492348846529280,9,0,0,0,1,0.25,0.25,0.5,1,2
-2.2594558,53.4096805,199652923980791520,66,0,1,0,2,0.75,0.916666666666667,0.957427107756338,1.22222222222222,1.27656947700845
-2.2595215,53.4204667,6062355611800478720,19,0,0,0,1,0.25,0.25,0.5,1,2
-2.2595489,53.4249609,7864600312900605952,30,1,0,0,0,0.25,0.25,0.5,1,2
-2.2580386,53.4240653,6490642147098196992,18,0,1,0,0,0.25,0.25,0.5,1,2
-2.2564364,53.4078894,574378414119166720,100,0,1,0,0,0.25,0.25,0.5,1,2
-2.2564526,53.4105859,9188386392745144320,68,0,2,1,0,0.75,0.916666666666667,0.957427107756338,1.22222222222222,1.27656947700845
-2.2565176,53.421372,5108103008332199936,84,1,2,0,0,0.75,0.916666666666667,0.957427107756338,1.22222222222222,1.27656947700845
-2.2534172,53.4060981,8134502895720931328,65,0,1,1,0,0.5,0.333333333333333,0.577350269189626,0.666666666666667,1.15470053837925
-2.2850229,53.4087234,409476000844406528,70,0,0,1,1,0.5,0.333333333333333,0.577350269189626,0.666666666666667,1.15470053837925
-2.2522218,53.4582341,1707913742408567552,136,1,0,0,0,0.25,0.25,0.5,1,2
-2.2505093,53.4231825,6628683474516175872,22,0,0,1,0,0.25,0.25,0.5,1,2
-2.2820262,53.4105282,-6993816095967597568,78,0,0,1,2,0.75,0.916666666666667,0.957427107756338,1.22222222222222,1.27656947700845
-2.2820441,53.4132247,5068586746212902912,82,1,0,0,0,0.25,0.25,0.5,1,2
-2.2805101,53.408734,3803755351891642880,58,2,2,1,3,2,0.666666666666667,0.816496580927726,0.333333333333333,0.408248290463863
-2.2805337,53.4123294,6286779909240819712,35,1,1,2,1,1.25,0.25,0.5,0.2,0.4
-2.2807056,53.4383958,3864041440458893824,165,0,1,0,0,0.25,0.25,0.5,1,2
-2.2474632,53.4168969,-6567357901915138048,68,1,0,0,0,0.25,0.25,0.5,1,2
-2.2474945,53.4222899,909802374220202752,55,0,0,0,1,0.25,0.25,0.5,1,2
-2.2475259,53.427683,-7128910767788945408,258,4,0,1,1,1.5,3,1.73205080756888,2,1.15470053837925
-2.2475572,53.4330761,-8995200221639173120,42,0,0,1,0,0.25,0.25,0.5,1,2
-2.2476357,53.4465587,-5543172652556741632,99,1,0,0,0,0.25,0.25,0.5,1,2
-2.247688,53.4555471,1775538202596283136,108,0,1,0,0,0.25,0.25,0.5,1,2
-2.2850529,53.4132176,-7291662867618130944,79,1,0,0,0,0.25,0.25,0.5,1,2
-2.2837641,53.4455794,966883350509288192,135,0,1,0,0,0.25,0.25,0.5,1,2
-2.2775015,53.4087411,5363137156921495552,63,6,6,3,4,4.75,2.25,1.5,0.473684210526316,0.315789473684211
-2.2820143,53.4087305,-6319005833060256768,80,0,0,1,3,1,2,1.4142135623731,2,1.4142135623731
-2.2805456,53.4141271,2483096042101985792,55,0,0,1,0,0.25,0.25,0.5,1,2
-2.245969,53.4186977,-3108892039341574656,56,0,1,0,0,0.25,0.25,0.5,1,2
-2.2460001,53.4240907,5612041608555156480,93,1,2,0,0,0.75,0.916666666666667,0.957427107756338,1.22222222222222,1.27656947700845
-2.2460261,53.428585,5507697464088118272,125,1,0,0,0,0.25,0.25,0.5,1,2
-2.2790117,53.4096364,3222282463000109568,39,3,4,1,1,2.25,2.25,1.5,1,0.666666666666667
-2.2760147,53.4114411,-3066518883296056832,63,1,5,0,1,1.75,4.91666666666667,2.21735578260835,2.80952380952381,1.26706044720477
-2.2761604,53.4339121,-4823199879787985920,78,0,1,0,0,0.25,0.25,0.5,1,2
-2.2775191,53.4114376,-5015170962975179776,48,2,1,1,2,1.5,0.333333333333333,0.577350269189626,0.222222222222222,0.38490017945975
-2.2445057,53.4258915,-2721111788938592768,48,1,0,0,0,0.25,0.25,0.5,1,2
-2.2445366,53.4312846,-6632703712065645568,14,1,0,0,0,0.25,0.25,0.5,1,2
-2.2445625,53.4357788,-4381012373027911168,69,0,0,1,1,0.5,0.333333333333333,0.577350269189626,0.666666666666667,1.15470053837925
-2.2760089,53.4105423,51677131423877864,65,3,5,5,8,5.25,4.25,2.06155281280883,0.80952380952381,0.392676726249301
-2.274522,53.4132423,365457881041660672,61,1,1,3,3,2,1.33333333333333,1.15470053837925,0.666666666666667,0.577350269189626
-2.2430059,53.4267934,-5682574701162925056,127,2,1,1,0,1,0.666666666666667,0.816496580927726,0.666666666666667,0.816496580927726
-2.243011,53.4276923,1579437725778467584,124,0,1,0,1,0.5,0.333333333333333,0.577350269189626,0.666666666666667,1.15470053837925
-2.2729887,53.4087515,-5242367923424936960,58,11,4,9,6,7.5,9.66666666666667,3.1091263510296,1.28888888888889,0.414550180137281
-2.271473,53.4069572,1471869860922582784,10,2,0,0,1,0.75,0.916666666666667,0.957427107756338,1.22222222222222,1.27656947700845
-2.2714787,53.4078561,7375910396340187136,58,4,4,8,5,5.25,3.58333333333333,1.89296944860009,0.682539682539683,0.36056560925716
-2.2715131,53.4132491,-3905420946526375424,30,1,0,0,0,0.25,0.25,0.5,1,2
-2.2414755,53.4223023,4426520013979513344,99,0,0,0,2,0.5,1,1,2,2
-2.2415163,53.429493,-1256228328817849600,70,0,1,1,0,0.5,0.333333333333333,0.577350269189626,0.666666666666667,1.15470053837925
-2.2416031,53.4447733,7049483582157618176,106,0,1,0,0,0.25,0.25,0.5,1,2
-2.2714845,53.4087549,-889258920269656320,29,6,3,6,5,5,2,1.4142135623731,0.4,0.282842712474619
-2.239986,53.4250018,6857776611426452480,129,1,2,2,1,1.5,0.333333333333333,0.577350269189626,0.222222222222222,0.38490017945975
-2.2699745,53.4078595,5592115707160564736,10,1,1,1,0,0.75,0.25,0.5,0.333333333333333,0.666666666666667
-2.2700999,53.427634,1401070090880803584,80,0,0,1,1,0.5,0.333333333333333,0.577350269189626,0.666666666666667,1.15470053837925
-2.2684929,53.4114583,2593874500527088128,57,2,2,3,3,2.5,0.333333333333333,0.577350269189626,0.133333333333333,0.23094010767585
-2.2385315,53.4339933,-3282217711812909568,63,0,1,0,0,0.25,0.25,0.5,1,2
-2.238597,53.4456782,-3212010203567761920,148,0,1,0,2,0.75,0.916666666666667,0.957427107756338,1.22222222222222,1.27656947700845
-2.2670844,53.426742,-1270763340813614336,65,1,0,0,2,0.75,0.916666666666667,0.957427107756338,1.22222222222222,1.27656947700845
-2.2369463,53.4196148,6234859377336438784,137,0,0,0,2,0.5,1,1,2,2
-2.2370013,53.4295021,-5831266767427494912,128,0,1,1,1,0.75,0.25,0.5,0.333333333333333,0.666666666666667
-2.2370413,53.4366928,-3089661606820127232,68,0,0,1,1,0.5,0.333333333333333,0.577350269189626,0.666666666666667,1.15470053837925
-2.2669886,53.4114616,-8908380653343047680,15,1,1,1,1,1,0,0,0,0
-2.267107,53.4303373,-6826224197300134912,33,1,0,1,0,0.5,0.333333333333333,0.577350269189626,0.666666666666667,1.15470053837925
-2.2370964,53.4465801,6349954531186874368,123,0,1,0,0,0.25,0.25,0.5,1,2
-2.2355411,53.4375946,-5030328771709158400,95,0,0,1,0,0.25,0.25,0.5,1,2
-2.2356008,53.4483807,366584680841160448,102,0,0,1,0,0.25,0.25,0.5,1,2
-2.2639464,53.4060753,-1883012202653924608,91,1,2,1,0,1,0.666666666666667,0.816496580927726,0.666666666666667,0.816496580927726
-2.2640802,53.4276475,-2070236683353245952,85,1,0,0,0,0.25,0.25,0.5,1,2
-2.2339518,53.4223173,8053703480532349952,37,1,0,0,0,0.25,0.25,0.5,1,2
-2.2340012,53.4313057,1354492034042626816,133,1,0,1,0,0.5,0.333333333333333,0.577350269189626,0.666666666666667,1.15470053837925
-2.2340803,53.4456872,-230882207449581856,75,0,0,1,0,0.25,0.25,0.5,1,2
-2.2341298,53.4546756,7756079693690299392,178,1,0,0,0,0.25,0.25,0.5,1,2
-2.2341347,53.4555744,7198362158179964928,183,0,1,1,0,0.5,0.333333333333333,0.577350269189626,0.666666666666667,1.15470053837925
-2.2624533,53.4078763,5293952745868110848,61,1,2,1,3,1.75,0.916666666666667,0.957427107756338,0.523809523809524,0.547101204432193
-2.2624589,53.4087751,-3350499735457180160,46,0,1,3,0,1,2,1.4142135623731,2,1.4142135623731
-2.2341446,53.4573721,2693666429859096064,258,1,0,0,0,0.25,0.25,0.5,1,2
-2.2624755,53.4114717,-4266845385548674560,80,2,1,4,0,1.75,2.91666666666667,1.70782512765993,1.66666666666667,0.975900072948533
-2.2625586,53.4249543,-2149074623858105600,66,0,1,1,0,0.5,0.333333333333333,0.577350269189626,0.666666666666667,1.15470053837925
-2.2609436,53.4069807,4539879436891810304,25,2,1,0,0,0.75,0.916666666666667,0.957427107756338,1.22222222222222,1.27656947700845
-2.2609656,53.4105761,103486870543472352,48,1,2,0,3,1.5,1.66666666666667,1.29099444873581,1.11111111111111,0.86066296582387
-2.2609711,53.411475,-4706677798849217536,60,1,1,1,3,1.5,1,1,0.666666666666667,0.666666666666667
-2.2610593,53.4258565,-8853278274653270016,69,0,0,2,1,0.75,0.916666666666667,0.957427107756338,1.22222222222222,1.27656947700845
-2.261142,53.4393391,-1699115452075979008,78,0,1,0,0,0.25,0.25,0.5,1,2
-2.2323979,53.4133317,-5654865920107382784,15,0,1,0,0,0.25,0.25,0.5,1,2
-2.2324912,53.4304098,-7228877635684441088,128,1,1,1,2,1.25,0.25,0.5,0.2,0.4
-2.2325158,53.434904,-6474490366985763840,124,0,0,1,0,0.25,0.25,0.5,1,2
-2.2325452,53.4402971,1984879148321261312,114,1,0,1,0,0.5,0.333333333333333,0.577350269189626,0.666666666666667,1.15470053837925
-2.2325649,53.4438924,-889797847930866944,74,1,0,0,0,0.25,0.25,0.5,1,2
-2.2325698,53.4447913,-3550599496386238976,90,1,2,0,0,0.75,0.916666666666667,0.957427107756338,1.22222222222222,1.27656947700845
-2.2325747,53.4456901,6450965600576146432,87,0,1,1,2,1,0.666666666666667,0.816496580927726,0.666666666666667,0.816496580927726
-2.2325993,53.4501843,-6423252059148564480,211,1,0,1,0,0.5,0.333333333333333,0.577350269189626,0.666666666666667,1.15470053837925
-2.2626473,53.4393358,-3131170406270583296,81,1,0,0,0,0.25,0.25,0.5,1,2
-2.2594339,53.4060852,-2514896559490040320,63,1,0,0,0,0.25,0.25,0.5,1,2
-2.2594503,53.4087817,-4151209307721029120,69,1,0,0,1,0.5,0.333333333333333,0.577350269189626,0.666666666666667,1.15470053837925
-2.2594667,53.4114782,9187730292985031680,72,1,0,3,1,1.25,1.58333333333333,1.25830573921179,1.26666666666667,1.00664459136943
-2.2596915,53.4483308,-3767283047999015424,137,1,0,0,0,0.25,0.25,0.5,1,2
-2.2610207,53.4195646,-3763400391122719232,76,1,0,1,0,0.5,0.333333333333333,0.577350269189626,0.666666666666667,1.15470053837925
-2.2580332,53.4231665,-6514359085689310208,35,1,0,0,0,0.25,0.25,0.5,1,2
-2.2309423,53.4223231,3198212659661272576,51,0,1,0,0,0.25,0.25,0.5,1,2
-2.2309715,53.4277162,4708169954067340288,65,1,0,0,1,0.5,0.333333333333333,0.577350269189626,0.666666666666667,1.15470053837925
-2.2310106,53.4349069,478332115944029952,107,0,1,0,0,0.25,0.25,0.5,1,2
-2.2310594,53.4438954,8243865620743933952,45,1,1,0,0,0.5,0.333333333333333,0.577350269189626,0.666666666666667,1.15470053837925
-2.2594284,53.4051863,-8509211656611320832,81,0,0,1,0,0.25,0.25,0.5,1,2
-2.2564255,53.4060917,5189994925025351680,127,0,0,0,2,0.5,1,1,2,2
-2.2564418,53.4087882,-6346906145086870528,82,0,0,1,0,0.25,0.25,0.5,1,2
-2.2294278,53.4205283,-5454041955290885120,32,1,0,0,0,0.25,0.25,0.5,1,2
-2.229486,53.4313145,-6683820948840308736,69,2,0,0,1,0.75,0.916666666666667,0.957427107756338,1.22222222222222,1.27656947700845
-2.2579352,53.4069873,-562470699602176256,143,0,0,3,0,0.75,2.25,1.5,3,2
-2.2580168,53.4204699,1609835432464446208,78,0,3,1,0,1,2,1.4142135623731,2,1.4142135623731
-2.2549429,53.4096903,8958738757032521728,37,0,0,1,0,0.25,0.25,0.5,1,2
-2.2279039,53.4169358,-6930703705124888576,112,0,1,0,0,0.25,0.25,0.5,1,2
-2.2279328,53.4223289,8324681697298989056,50,0,1,0,0,0.25,0.25,0.5,1,2
-2.2280291,53.4403058,-4552313131623094784,80,0,0,1,0,0.25,0.25,0.5,1,2
-2.256458,53.4114847,-2325822960345614848,76,1,1,3,1,1.5,1,1,0.666666666666667,0.666666666666667
-2.2566314,53.4402477,-4657014432501197824,174,1,0,0,0,0.25,0.25,0.5,1,2
-2.2566422,53.4420454,-8603308543723240448,48,0,0,1,0,0.25,0.25,0.5,1,2
-2.2549268,53.4069937,1540334027397952256,58,0,0,1,0,0.25,0.25,0.5,1,2
-2.2550129,53.4213753,-8711284257530214400,47,2,1,0,2,1.25,0.916666666666667,0.957427107756338,0.733333333333333,0.765941686205071
-2.2249518,53.4277277,-1690982232499040512,62,1,0,0,0,0.25,0.25,0.5,1,2
-2.2234846,53.4349213,-5610283540966720512,122,2,0,0,0,0.5,1,1,2,2
-2.2235129,53.4403143,-6723499378410295296,97,0,0,1,0,0.25,0.25,0.5,1,2
-2.2235271,53.4430109,1536991341113926400,190,0,0,1,1,0.5,0.333333333333333,0.577350269189626,0.666666666666667,1.15470053837925
-2.2534012,53.4034016,-3121950638712112640,80,0,1,0,0,0.25,0.25,0.5,1,2
-2.2534332,53.4087946,-9104015718679456768,29,1,0,1,0,0.5,0.333333333333333,0.577350269189626,0.666666666666667,1.15470053837925
-2.2536313,53.4420518,4868858221494073344,96,1,0,0,0,0.25,0.25,0.5,1,2
-2.2506416,53.4456535,-9181877882936622080,47,0,1,0,0,0.25,0.25,0.5,1,2
-2.2218997,53.4196437,629887675463893760,65,0,0,0,1,0.25,0.25,0.5,1,2
-2.2219419,53.4277333,8145782749203573760,66,0,0,0,1,0.25,0.25,0.5,1,2
-2.2219747,53.4340252,4497389816411440640,72,1,0,0,0,0.25,0.25,0.5,1,2
-2.2221061,53.4591928,4949573147092336640,62,0,1,0,0,0.25,0.25,0.5,1,2
-2.2490045,53.4231857,-4642616204984065024,96,0,4,1,2,1.75,2.91666666666667,1.70782512765993,1.66666666666667,0.975900072948533
-2.2204928,53.4385223,803276454413154048,161,0,1,0,0,0.25,0.25,0.5,1,2
-2.2204975,53.4394211,8422713104119965696,81,1,0,0,1,0.5,0.333333333333333,0.577350269189626,0.666666666666667,1.15470053837925
-2.2205068,53.4412188,8684825251900955648,210,1,1,1,1,1,0,0,0,0
-2.2205721,53.4538026,7914959836217877504,86,0,1,0,0,0.25,0.25,0.5,1,2
-2.2507105,53.4573385,4992932742214551552,115,1,0,0,0,0.25,0.25,0.5,1,2
-2.2189505,53.4313343,4275524831718859264,117,1,1,1,1,1,0,0,0,0
-2.2190014,53.4412216,4741406706428941312,140,0,0,0,1,0.25,0.25,0.5,1,2
-2.219043,53.4493111,6756332745974676480,72,1,0,0,0,0.25,0.25,0.5,1,2
-2.2190754,53.455603,-7178710505245286400,53,0,0,1,0,0.25,0.25,0.5,1,2
-2.2191032,53.4609961,-2303393508280157440,115,1,0,0,0,0.25,0.25,0.5,1,2
-2.2490466,53.4303764,-1266090373574905088,230,1,4,1,1,1.75,2.25,1.5,1.28571428571429,0.857142857142857
-2.2174638,53.4349324,-7788216875954476032,63,0,0,1,0,0.25,0.25,0.5,1,2
-2.2174776,53.4376289,-5590236917236910080,118,1,1,0,0,0.5,0.333333333333333,0.577350269189626,0.666666666666667,1.15470053837925
-2.2175281,53.4475162,7831475781762669568,80,0,0,0,1,0.25,0.25,0.5,1,2
-2.2176155,53.4645942,-8425777351781037056,135,0,1,0,0,0.25,0.25,0.5,1,2
-2.2444592,53.4178019,1350205855865904896,13,0,0,1,0,0.25,0.25,0.5,1,2
-2.2444644,53.4187008,-4594580607777807872,13,1,0,0,0,0.25,0.25,0.5,1,2
-2.2444953,53.4240938,2496484339331794432,153,1,2,2,1,1.5,0.333333333333333,0.577350269189626,0.222222222222222,0.38490017945975
-2.2445108,53.4267904,1975137595530422016,126,0,1,1,1,0.75,0.25,0.5,0.333333333333333,0.666666666666667
-2.2445418,53.4321834,-7989944672489216000,141,0,1,1,0,0.5,0.333333333333333,0.577350269189626,0.666666666666667,1.15470053837925
-2.2474579,53.415998,-8005638193523021824,31,0,1,2,0,0.75,0.916666666666667,0.957427107756338,1.22222222222222,1.27656947700845
-2.2474684,53.4177957,-9076254581775410176,19,1,0,0,0,0.25,0.25,0.5,1,2
-2.2475206,53.4267842,2494546121047137792,19,0,0,0,2,0.5,1,1,2,2
-2.2159084,53.4250478,1333179489793118976,93,0,1,0,0,0.25,0.25,0.5,1,2
-2.2160042,53.4439236,-3233442085488007680,615,1,1,2,1,1.25,0.25,0.5,0.2,0.4
-2.2160956,53.4619004,820001049024174848,110,0,0,0,1,0.25,0.25,0.5,1,2
-2.2429597,53.4187038,-538591415872310528,38,0,0,1,0,0.25,0.25,0.5,1,2
-2.24297,53.4205015,1249533035973185280,8,0,0,1,0,0.25,0.25,0.5,1,2
-2.2459742,53.4195965,6187194898786892800,128,1,4,0,2,1.75,2.91666666666667,1.70782512765993,1.66666666666667,0.975900072948533
-2.2144761,53.4394321,-5799707399919724544,175,0,0,1,0,0.25,0.25,0.5,1,2
-2.2145849,53.4610043,-5197009871445203968,90,0,0,1,0,0.25,0.25,0.5,1,2
-2.2415367,53.4330884,-3019881676332439040,83,1,0,0,0,0.25,0.25,0.5,1,2
-2.2445315,53.4303857,-2372553752590448128,127,1,1,0,1,0.75,0.25,0.5,0.333333333333333,0.666666666666667
-2.2445676,53.4366776,8879542785316426752,38,0,0,0,1,0.25,0.25,0.5,1,2
-2.2446658,53.4537556,-7652767139555200000,130,0,1,0,0,0.25,0.25,0.5,1,2
-2.2130517,53.4556139,-708836409434104064,82,0,1,1,0,0.5,0.333333333333333,0.577350269189626,0.666666666666667,1.15470053837925
-2.2430675,53.4375796,-8020871435163158528,78,0,0,0,1,0.25,0.25,0.5,1,2
-2.2430726,53.4384784,-1760285220814487808,97,1,0,0,0,0.25,0.25,0.5,1,2
-2.2399708,53.4223053,475231007776441088,70,0,0,1,0,0.25,0.25,0.5,1,2
-2.2400924,53.4438775,-390486747280194816,112,0,2,0,0,0.5,1,1,2,2
-2.2414704,53.4214034,-8638790299248694272,109,3,3,0,0,1.5,3,1.73205080756888,2,1.15470053837925
-2.2416235,53.4483687,6525502654688910336,124,0,0,1,0,0.25,0.25,0.5,1,2
-2.2114385,53.4340444,2953307930376860160,41,0,0,0,1,0.25,0.25,0.5,1,2
-2.2114475,53.4358421,-7771029572099991552,164,0,0,0,1,0.25,0.25,0.5,1,2
-2.2115682,53.4601108,-8953694091412768768,131,1,0,0,0,0.25,0.25,0.5,1,2
-2.2385063,53.4294991,6156794381938650112,148,0,0,2,2,1,1.33333333333333,1.15470053837925,1.33333333333333,1.15470053837925
-2.2385416,53.435791,6322124711204847616,114,0,0,1,0,0.25,0.25,0.5,1,2
-2.2400164,53.4303949,9029001922108539904,63,1,1,2,1,1.25,0.25,0.5,0.2,0.4
-2.2400265,53.4321926,-7742294261212988416,79,0,1,0,0,0.25,0.25,0.5,1,2
-2.2400721,53.4402822,2124080181979167488,63,1,0,0,1,0.5,0.333333333333333,0.577350269189626,0.666666666666667,1.15470053837925
-2.2369112,53.4133229,-3386481077090411008,72,1,0,0,0,0.25,0.25,0.5,1,2
-2.2369663,53.4232102,8874574900073469952,6,0,1,0,0,0.25,0.25,0.5,1,2
-2.2369913,53.4277044,6837455601937207296,59,1,1,1,0,0.75,0.25,0.5,0.333333333333333,0.666666666666667
-2.2370063,53.4304009,576849458393803520,119,2,0,1,1,1,0.666666666666667,0.816496580927726,0.666666666666667,0.816496580927726
-2.2370464,53.4375917,6296387975323174912,89,3,0,0,0,0.75,2.25,1.5,3,2
-2.238466,53.4223083,8755547809506089984,36,0,1,0,0,0.25,0.25,0.5,1,2
-2.2385466,53.4366898,-3045771558207058432,58,0,0,0,1,0.25,0.25,0.5,1,2
-2.2385567,53.4384875,5001438565792470016,90,1,2,0,0,0.75,0.916666666666667,0.957427107756338,1.22222222222222,1.27656947700845
-2.2386273,53.4510713,-7458230612698633216,174,0,0,1,0,0.25,0.25,0.5,1,2
-2.2355013,53.4304039,6617694135503920128,134,1,0,0,0,0.25,0.25,0.5,1,2
-2.2355062,53.4313027,1439367289769029376,136,2,2,1,0,1.25,0.916666666666667,0.957427107756338,0.733333333333333,0.765941686205071
-2.2355162,53.4331004,5324460222103600128,87,0,0,0,1,0.25,0.25,0.5,1,2
-2.2355859,53.4456842,-3544378325941254656,72,0,0,1,0,0.25,0.25,0.5,1,2
-2.2370163,53.4321986,5496062591520974848,123,1,1,0,0,0.5,0.333333333333333,0.577350269189626,0.666666666666667,1.15470053837925
-2.2370514,53.4384905,4679179301214771200,114,1,1,0,0,0.5,0.333333333333333,0.577350269189626,0.666666666666667,1.15470053837925
-2.2371265,53.4519731,3347708777785751040,197,0,0,0,1,0.25,0.25,0.5,1,2
-2.2340061,53.4322045,8394302622094722048,45,0,1,0,0,0.25,0.25,0.5,1,2
-2.2340209,53.4349011,177266905925053152,103,0,0,0,1,0.25,0.25,0.5,1,2
-2.2354068,53.4133259,-3642114399989452288,57,0,0,0,2,0.5,1,1,2,2
-2.2356108,53.4501784,-7221966839376309248,45,1,0,0,0,0.25,0.25,0.5,1,2
-2.2356357,53.4546726,8146461216011890688,90,0,1,0,0,0.25,0.25,0.5,1,2
-2.2356456,53.4564703,-7090515567336528896,94,1,0,0,0,0.25,0.25,0.5,1,2
-2.2068924,53.4277604,-7753982678848615424,106,0,1,0,0,0.25,0.25,0.5,1,2
-2.206993,53.4484338,-1750386618582333696,84,0,1,0,0,0.25,0.25,0.5,1,2
-2.2070236,53.4547257,-1829590993364676864,95,1,0,0,0,0.25,0.25,0.5,1,2
-2.2323881,53.4115341,4488551294088257024,36,0,0,1,0,0.25,0.25,0.5,1,2
-2.232447,53.4223202,-5983837503696869376,113,0,2,1,1,1,0.666666666666667,0.816496580927726,0.666666666666667,0.816496580927726
-2.2325207,53.4358029,2884437461950035456,92,2,0,0,0,0.5,1,1,2,2
-2.2339369,53.4196207,9202690034583426048,29,0,0,1,0,0.25,0.25,0.5,1,2
-2.2339863,53.4286092,3984346802567609856,28,0,0,1,0,0.25,0.25,0.5,1,2
-2.2339913,53.429508,-1100508484235161856,111,1,1,0,0,0.5,0.333333333333333,0.577350269189626,0.666666666666667,1.15470053837925
-2.2340457,53.4393953,-4955154512097529856,84,0,1,0,1,0.5,0.333333333333333,0.577350269189626,0.666666666666667,1.15470053837925
-2.2340852,53.446586,4895843668546739200,67,0,0,0,1,0.25,0.25,0.5,1,2
-2.2341595,53.4600686,-307041771856754944,36,0,0,1,0,0.25,0.25,0.5,1,2
-2.2309276,53.4196266,2474060161390140928,89,0,0,1,0,0.25,0.25,0.5,1,2
-2.230991,53.4313116,4769024156054188032,60,1,1,0,0,0.5,0.333333333333333,0.577350269189626,0.666666666666667,1.15470053837925
-2.2310887,53.4492884,6409571101401140224,82,0,0,1,0,0.25,0.25,0.5,1,2
-2.2310936,53.4501873,2384788253011336704,229,0,1,0,0,0.25,0.25,0.5,1,2
-2.2295296,53.4394041,6122591556227567616,127,1,0,0,1,0.5,0.333333333333333,0.577350269189626,0.666666666666667,1.15470053837925
-2.2296169,53.4555832,7400476373783548928,114,0,0,0,1,0.25,0.25,0.5,1,2
-2.2040334,53.4592251,7681934468836144128,160,0,1,0,0,0.25,0.25,0.5,1,2
-2.2324078,53.4151294,-1613593499438503168,53,0,0,1,0,0.25,0.25,0.5,1,2
-2.2324372,53.4205225,6650373827907031040,132,0,0,1,0,0.25,0.25,0.5,1,2
-2.2324863,53.429511,-1201733651761856768,128,1,2,0,2,1.25,0.916666666666667,0.957427107756338,0.733333333333333,0.765941686205071
-2.2324961,53.4313086,4571315270817797632,87,0,1,1,0,0.5,0.333333333333333,0.577350269189626,0.666666666666667,1.15470053837925
-2.232501,53.4322075,-8815377288070087680,148,2,0,0,0,0.5,1,1,2,2
-2.2325256,53.4367017,-7442163478538897408,66,1,0,1,0,0.5,0.333333333333333,0.577350269189626,0.666666666666667,1.15470053837925
-2.2326239,53.4546785,-8559087933587131392,161,1,0,0,0,0.25,0.25,0.5,1,2
-2.2326337,53.4564762,8863649986182614016,206,1,0,0,1,0.5,0.333333333333333,0.577350269189626,0.666666666666667,1.15470053837925
-2.2280146,53.4376093,8964885242048873472,102,0,1,0,0,0.25,0.25,0.5,1,2
-2.2280965,53.4528896,177335655400443616,76,0,1,0,0,0.25,0.25,0.5,1,2
-2.2308984,53.4142335,-3588317508803163648,76,0,2,0,0,0.5,1,1,2,2
-2.2309325,53.4205254,4601023483141692928,65,0,0,0,1,0.25,0.25,0.5,1,2
-2.2310154,53.4358058,5808039049211021312,158,2,1,1,0,1,0.666666666666667,0.816496580927726,0.666666666666667,0.816496580927726
-2.2024717,53.4475427,4727896954175129600,98,0,1,0,0,0.25,0.25,0.5,1,2
-2.2295393,53.4412017,1098098439782218496,57,0,0,1,0,0.25,0.25,0.5,1,2
-2.2264854,53.4331179,3752277847794638336,86,0,0,0,2,0.5,1,1,2,2
-2.2265093,53.4376121,6800429019846628352,132,0,0,1,0,0.25,0.25,0.5,1,2
-2.2295927,53.451089,-8881718509402341376,248,1,0,0,0,0.25,0.25,0.5,1,2
-2.2295975,53.4519878,-7753917085178902528,90,1,0,0,0,0.25,0.25,0.5,1,2
-2.2248853,53.4151439,917570139750827776,37,0,1,0,0,0.25,0.25,0.5,1,2
-2.2249945,53.4358173,6287170240384633856,114,1,2,0,0,0.75,0.916666666666667,0.957427107756338,1.22222222222222,1.27656947700845
-2.2250801,53.4519964,-1655227462110507264,126,2,0,1,0,0.75,0.916666666666667,0.957427107756338,1.22222222222222,1.27656947700845
-2.2251134,53.4582883,4226395756200803840,266,0,1,2,0,0.75,0.916666666666667,0.957427107756338,1.22222222222222,1.27656947700845
-2.2278702,53.4106439,-4456247588673084928,42,0,0,1,0,0.25,0.25,0.5,1,2
-2.227875,53.4115428,8639714236848090112,42,0,1,1,0,0.5,0.333333333333333,0.577350269189626,0.666666666666667,1.15470053837925
-2.227928,53.4214301,8434663217854830592,80,1,0,0,0,0.25,0.25,0.5,1,2
-2.2279568,53.4268231,-3863724062395294208,51,1,0,1,0,0.5,0.333333333333333,0.577350269189626,0.666666666666667,1.15470053837925
-2.2280339,53.4412046,6049395097808434176,42,0,0,1,0,0.25,0.25,0.5,1,2
-2.2233996,53.4187421,308265533846415104,72,0,0,0,1,0.25,0.25,0.5,1,2
-2.2264519,53.426826,-7258411241575576576,63,1,1,0,0,0.5,0.333333333333333,0.577350269189626,0.666666666666667,1.15470053837925
-2.2265141,53.438511,459579124626397952,23,0,1,0,0,0.25,0.25,0.5,1,2
-2.1994773,53.4511431,-370711853250944256,180,0,1,0,0,0.25,0.25,0.5,1,2
-2.2219325,53.4259356,9130720089745104896,78,1,1,0,0,0.5,0.333333333333333,0.577350269189626,0.666666666666667,1.15470053837925
-2.2219513,53.429531,-6636460636960217088,55,0,0,0,1,0.25,0.25,0.5,1,2
-2.2249043,53.4187392,-4383090066220296704,86,0,0,0,1,0.25,0.25,0.5,1,2
-2.2249185,53.4214358,5227756217150398464,60,0,0,0,1,0.25,0.25,0.5,1,2
-2.224947,53.4268289,3409607382210668032,75,2,0,1,0,0.75,0.916666666666667,0.957427107756338,1.22222222222222,1.27656947700845
-2.2249755,53.4322219,-7177890718611375104,120,0,2,0,0,0.5,1,1,2,2
-2.1979715,53.4511457,-1327856937116328192,292,1,0,0,0,0.25,0.25,0.5,1,2
-2.2204369,53.4277361,4522486159256214016,85,1,0,0,0,0.25,0.25,0.5,1,2
-2.2204556,53.4313315,-4712841901517665280,83,0,0,1,1,0.5,0.333333333333333,0.577350269189626,0.666666666666667,1.15470053837925
-2.2205115,53.4421176,-4399336399903676928,141,1,1,0,0,0.5,0.333333333333333,0.577350269189626,0.666666666666667,1.15470053837925
-2.2205814,53.4556002,-4531406116051098112,143,1,0,0,0,0.25,0.25,0.5,1,2
-2.2233808,53.4151467,6266489846321941504,65,1,0,0,0,0.25,0.25,0.5,1,2
-2.2234563,53.4295282,-6505924250374686720,54,0,0,0,1,0.25,0.25,0.5,1,2
-2.2203904,53.4187477,-704447317347954944,85,1,0,0,0,0.25,0.25,0.5,1,2
-2.2204788,53.4358257,-8676053694684579840,128,1,1,1,0,0.75,0.25,0.5,0.333333333333333,0.666666666666667
-2.194927,53.4439599,137602192069833440,161,1,0,0,1,0.5,0.333333333333333,0.577350269189626,0.666666666666667,1.15470053837925
-2.1949806,53.4556448,96276796096056032,249,1,0,0,0,0.25,0.25,0.5,1,2
-2.2174316,53.4286405,-3716787325084828160,27,1,0,0,0,0.25,0.25,0.5,1,2
-2.2174362,53.4295393,-1038950933230075136,84,0,0,1,0,0.25,0.25,0.5,1,2
-2.2174684,53.4358312,5287792171290238976,262,1,2,0,2,1.25,0.916666666666667,0.957427107756338,0.733333333333333,0.765941686205071
-2.2174914,53.4403255,-1187077546590457088,130,0,1,0,0,0.25,0.25,0.5,1,2
-2.2175373,53.4493139,-2633314819883707904,55,1,0,0,0,0.25,0.25,0.5,1,2
-2.2175419,53.4502127,6644748820134717440,187,0,0,0,1,0.25,0.25,0.5,1,2
-2.2175465,53.4511116,-1216143048738657536,51,0,0,1,0,0.25,0.25,0.5,1,2
-2.2189227,53.4259412,6474408224264775680,82,0,0,1,0,0.25,0.25,0.5,1,2
-2.218969,53.4349296,4239925667657063936,84,0,0,1,0,0.25,0.25,0.5,1,2
-2.1934828,53.457445,6296413472467018752,217,0,0,0,1,0.25,0.25,0.5,1,2
-2.2145667,53.4574089,785458229233080064,196,0,0,1,0,0.25,0.25,0.5,1,2
-2.2175097,53.4439208,-1668983151242769664,420,2,0,2,4,2,2.66666666666667,1.63299316185545,1.33333333333333,0.816496580927726
-2.2175925,53.4601,7871970925901477888,200,0,0,0,1,0.25,0.25,0.5,1,2
-2.2130652,53.4583104,1306347628576430848,155,0,0,1,0,0.25,0.25,0.5,1,2
-2.2130698,53.4592093,2239599347428331264,122,0,0,0,1,0.25,0.25,0.5,1,2
-2.2159723,53.4376317,-7660865022765880320,221,1,0,2,1,1,0.666666666666667,0.816496580927726,0.666666666666667,0.816496580927726
-2.2160727,53.4574062,-8932390757387279360,183,0,0,0,1,0.25,0.25,0.5,1,2
-2.2099068,53.428654,4.841458982671e+18,87,0,1,0,0,0.25,0.25,0.5,1,2
-2.2099378,53.4349459,9085777925492971520,76,0,0,2,0,0.5,1,1,2,2
-2.2100887,53.4655065,6121964913258558464,88,1,0,0,0,0.25,0.25,0.5,1,2
-2.1873915,53.4421742,8348565002850895872,153,1,0,0,0,0.25,0.25,0.5,1,2
-2.211385,53.4232582,588077926067974912,83,0,0,0,1,0.25,0.25,0.5,1,2
-2.2083666,53.4214658,-5662775526399803392,97,1,0,0,0,0.25,0.25,0.5,1,2
-2.2085119,53.4511277,-292142257963811072,126,0,1,0,0,0.25,0.25,0.5,1,2
-2.1844078,53.4484708,4352780208753089024,172,1,0,0,1,0.5,0.333333333333333,0.577350269189626,0.666666666666667,1.15470053837925
-2.2100488,53.4574169,8559084414285454336,149,0,1,0,0,0.25,0.25,0.5,1,2
-2.2069449,53.4385465,2311769533931082240,81,0,0,0,1,0.25,0.25,0.5,1,2
-2.2069493,53.4394454,7246939213905454080,87,0,0,0,1,0.25,0.25,0.5,1,2
-2.206958,53.441243,-931107592138181888,250,2,0,0,1,0.75,0.916666666666667,0.957427107756338,1.22222222222222,1.27656947700845
-2.182906,53.449372,-138269150309164320,157,0,0,0,1,0.25,0.25,0.5,1,2
-2.2084194,53.432252,1907655322362906368,47,0,0,1,0,0.25,0.25,0.5,1,2
-2.2084458,53.4376451,1776032141435859712,81,1,0,0,0,0.25,0.25,0.5,1,2
-2.2054917,53.4493352,-797370599622512896,97,0,0,1,0,0.25,0.25,0.5,1,2
-2.2038653,53.4241702,-9007421070738536448,72,1,0,0,0,0.25,0.25,0.5,1,2
-2.2038955,53.4304621,2677271846740722176,47,0,0,0,1,0.25,0.25,0.5,1,2
-2.2039299,53.4376529,8793251520424515584,77,0,0,0,1,0.25,0.25,0.5,1,2
-2.2039342,53.4385517,-69128910016021784,102,0,0,0,1,0.25,0.25,0.5,1,2
-2.203986,53.4493378,-7327396276001576960,133,1,0,0,0,0.25,0.25,0.5,1,2
-2.1798718,53.4439835,-2521545794162701824,142,1,0,0,0,0.25,0.25,0.5,1,2
-2.2024931,53.4520369,8154197765889713152,150,0,0,0,1,0.25,0.25,0.5,1,2
-2.2025659,53.4673172,-4812509796922314752,19,0,0,1,0,0.25,0.25,0.5,1,2
-2.203917,53.4349563,5901369641680652288,67,0,0,1,1,0.5,0.333333333333333,0.577350269189626,0.666666666666667,1.15470053837925
-2.2039386,53.4394505,4187168441412913664,45,1,0,0,0,0.25,0.25,0.5,1,2
-2.2039946,53.4511355,-3197491584693756416,90,0,0,0,1,0.25,0.25,0.5,1,2
-2.2040205,53.4565286,9137931684010579968,192,1,0,0,0,0.25,0.25,0.5,1,2
-2.2009576,53.4457476,3579859863406163456,136,1,1,0,0,0.5,0.333333333333333,0.577350269189626,0.666666666666667,1.15470053837925
-2.1993467,53.423279,-3689655325084578304,116,1,0,0,0,0.25,0.25,0.5,1,2
-2.2009406,53.4421522,-3315145625371682304,206,2,0,0,0,0.5,1,1,2,2
-2.1979506,53.4466514,-1158092430714366208,114,1,0,0,0,0.25,0.25,0.5,1,2
-2.1980511,53.4682236,-1883834853159056640,96,0,0,0,1,0.25,0.25,0.5,1,2
-2.1964325,53.4439574,-3992935570526460416,154,0,0,1,0,0.25,0.25,0.5,1,2
-2.1994731,53.4502443,1880267063915370240,302,1,0,0,0,0.25,0.25,0.5,1,2
-2.197775,53.4088999,7061775681870083072,58,0,0,0,1,0.25,0.25,0.5,1,2
-2.1963827,53.4331713,8318876775594707968,82,1,0,0,0,0.25,0.25,0.5,1,2
-2.170864,53.4502887,-4530729996798770688,30,0,0,1,0,0.25,0.25,0.5,1,2
-2.1709724,53.477254,8099080651410985984,60,0,0,0,1,0.25,0.25,0.5,1,2
-2.1934174,53.4430635,427069367308394240,150,0,0,0,1,0.25,0.25,0.5,1,2
-2.1934256,53.4448612,7819225862464782336,124,0,0,0,1,0.25,0.25,0.5,1,2
-2.1934297,53.44576,-592958858916499712,56,1,0,0,0,0.25,0.25,0.5,1,2
-2.1693045,53.4368082,-4101736395747943936,93,0,0,1,0,0.25,0.25,0.5,1,2
-2.1949764,53.454746,9190742358768813056,252,0,1,0,0,0.25,0.25,0.5,1,2
-2.1919768,53.4574474,6764274329990265856,100,0,0,1,0,0.25,0.25,0.5,1,2
-2.188885,53.4394753,-8184465984905446400,113,1,0,0,0,0.25,0.25,0.5,1,2
-2.1889169,53.4466661,-1250250814750591232,148,0,1,0,0,0.25,0.25,0.5,1,2
-2.1814233,53.4547674,6260942742872709120,99,0,0,0,1,0.25,0.25,0.5,1,2
-2.1649107,53.468274,3010090958994420224,26,1,0,0,0,0.25,0.25,0.5,1,2
-2.2850289,53.4096222,3333036380710774272,91,0,1,0,0,0.25,0.25,0.5,1,2
-2.2822943,53.450976,-2510818542532947456,86,0,1,0,0,0.25,0.25,0.5,1,2
-2.2804568,53.4006444,-7307347436380393472,77,0,2,0,0,0.5,1,1,2,2
-2.2805041,53.4078352,4332814010222559744,39,3,5,2,3,3.25,1.58333333333333,1.25830573921179,0.487179487179487,0.387170996680551
-2.2805219,53.4105317,-6015351269025639424,53,0,3,1,2,1.5,1.66666666666667,1.29099444873581,1.11111111111111,0.86066296582387
-2.2759856,53.4069469,-2205655814230337792,3,1,0,0,0,0.25,0.25,0.5,1,2
-2.2759914,53.4078457,4777511861683042304,87,10,13,11,14,12,3.33333333333333,1.82574185835055,0.277777777777778,0.152145154862546
-2.2699916,53.410556,-7559990922938913792,34,2,1,3,3,2.25,0.916666666666667,0.957427107756338,0.407407407407407,0.425523159002817
-2.2925565,53.4105028,72669577546732256,78,0,0,0,1,0.25,0.25,0.5,1,2
-2.2850349,53.410521,5117054361211375616,100,0,0,1,0,0.25,0.25,0.5,1,2
-2.2834588,53.3997385,2472559005947290112,100,0,0,0,1,0.25,0.25,0.5,1,2
-2.2835485,53.4132212,3969861542643270144,54,1,0,0,1,0.5,0.333333333333333,0.577350269189626,0.666666666666667,1.15470053837925
-2.2837162,53.4383887,7017646126747674624,105,0,1,0,0,0.25,0.25,0.5,1,2
-2.2789528,53.400648,-1713120401885512960,52,0,0,0,1,0.25,0.25,0.5,1,2
-2.2775308,53.4132353,-5149174110885966848,56,0,1,0,1,0.5,0.333333333333333,0.577350269189626,0.666666666666667,1.15470053837925
-2.2760264,53.4132388,-7356249526671361024,61,0,0,0,1,0.25,0.25,0.5,1,2
-2.2729772,53.4069538,8625325334880849920,15,1,4,1,4,2.5,3,1.73205080756888,1.2,0.692820323027551
-2.2729945,53.4096503,2502485987015978496,36,1,4,1,4,2.5,3,1.73205080756888,1.2,0.692820323027551
-2.2715017,53.4114515,2607368371861881344,58,4,2,1,3,2.5,1.66666666666667,1.29099444873581,0.666666666666667,0.516397779494322
-2.271622,53.4303271,-755899295280231680,78,0,0,0,1,0.25,0.25,0.5,1,2
-2.2717024,53.4429109,2182803760216143616,99,1,0,0,0,0.25,0.25,0.5,1,2
-2.2671464,53.4366292,8736887059530342400,33,0,0,0,1,0.25,0.25,0.5,1,2
-2.2654338,53.4033754,-6977985754183350272,34,0,0,0,1,0.25,0.25,0.5,1,2
-2.2655683,53.4249476,307853203205481216,94,0,1,1,0,0.5,0.333333333333333,0.577350269189626,0.666666666666667,1.15470053837925
-2.2655739,53.4258465,-1372853988095750400,75,2,1,0,0,0.75,0.916666666666667,0.957427107756338,1.22222222222222,1.27656947700845
-2.2639631,53.4087718,6419323174849324032,27,2,1,1,4,2,2,1.4142135623731,1,0.707106781186548
-2.2640467,53.4222545,-1749838758065709312,108,1,1,2,0,1,0.666666666666667,0.816496580927726,0.666666666666667,0.816496580927726
-2.2640523,53.4231533,-8927705407691116544,82,2,0,1,1,1,0.666666666666667,0.816496580927726,0.666666666666667,0.816496580927726
-2.264069,53.4258498,-8208756088474010624,76,1,1,0,0,0.5,0.333333333333333,0.577350269189626,0.666666666666667,1.15470053837925
-2.2641862,53.4447255,4671994816060926976,54,0,0,1,0,0.25,0.25,0.5,1,2
-2.2625253,53.4195613,-1779317988209986816,38,1,0,0,0,0.25,0.25,0.5,1,2
-2.2626695,53.4429311,1268943915973058304,28,1,0,0,0,0.25,0.25,0.5,1,2
-2.2609766,53.4123738,6767299994667765760,24,0,1,1,0,0.5,0.333333333333333,0.577350269189626,0.666666666666667,1.15470053837925
-2.2612248,53.4528217,-9116190489125581824,119,0,0,1,0,0.25,0.25,0.5,1,2
-2.2595434,53.424062,3229871874647482880,73,0,0,0,1,0.25,0.25,0.5,1,2
-2.2579243,53.4051896,6161898927355722752,69,0,1,1,0,0.5,0.333333333333333,0.577350269189626,0.666666666666667,1.15470053837925
-2.2549537,53.411488,271997167839682272,76,3,0,0,0,0.75,2.25,1.5,3,2
-2.2550075,53.4204764,4889346266604027904,44,0,1,0,1,0.5,0.333333333333333,0.577350269189626,0.666666666666667,1.15470053837925
-2.2536367,53.4429507,7680253047540637696,71,1,0,0,0,0.25,0.25,0.5,1,2
-2.2489993,53.4222868,-5237516961016422400,83,0,2,0,1,0.75,0.916666666666667,0.957427107756338,1.22222222222222,1.27656947700845
-2.2474841,53.4204923,-6979345056475914240,75,2,1,2,0,1.25,0.916666666666667,0.957427107756338,0.733333333333333,0.765941686205071
-2.247505,53.4240876,-5205000300118915072,118,2,1,0,1,1,0.666666666666667,0.816496580927726,0.666666666666667,0.816496580927726
-2.2475415,53.4303795,6133815442277615616,92,2,0,0,1,0.75,0.916666666666667,0.957427107756338,1.22222222222222,1.27656947700845
-2.2460209,53.4276861,-1166773496888475904,136,1,2,1,1,1.25,0.25,0.5,0.2,0.4
-2.2444695,53.4195996,8051937357357747200,62,0,0,1,1,0.5,0.333333333333333,0.577350269189626,0.666666666666667,1.15470053837925
-2.2444902,53.423195,-9138741663229698048,172,1,0,3,1,1.25,1.58333333333333,1.25830573921179,1.26666666666667,1.00664459136943
-2.2445883,53.440273,-8304408661760650240,175,0,0,1,1,0.5,0.333333333333333,0.577350269189626,0.666666666666667,1.15470053837925
-2.2429905,53.4240969,-5890709221281136640,154,1,1,2,1,1.25,0.25,0.5,0.2,0.4
-2.2430418,53.4330853,6957310206042220544,102,0,2,0,0,0.5,1,1,2,2
-2.243047,53.4339842,6465734951348644864,101,0,1,1,0,0.5,0.333333333333333,0.577350269189626,0.666666666666667,1.15470053837925
-2.2430572,53.4357819,-9108469538994463744,87,0,1,0,1,0.5,0.333333333333333,0.577350269189626,0.666666666666667,1.15470053837925
-2.24316,53.4537587,-2698915147386016256,133,1,0,0,0,0.25,0.25,0.5,1,2
-2.2431754,53.4564552,-178726488977349920,81,1,0,0,0,0.25,0.25,0.5,1,2
-2.2399606,53.4205076,-1034257458141834496,24,0,1,0,0,0.25,0.25,0.5,1,2
-2.2399961,53.4267995,3590236477133781504,123,0,3,0,1,1,2,1.4142135623731,2,1.4142135623731
-2.2384207,53.4142187,5985877856066731008,68,0,1,0,0,0.25,0.25,0.5,1,2
-2.2384408,53.4178141,2289582072962436864,107,2,0,0,0,0.5,1,1,2,2
-2.2385214,53.4321956,-6904877971093409792,83,1,0,0,0,0.25,0.25,0.5,1,2
-2.2385869,53.4438806,7035008688135823360,102,1,0,0,0,0.25,0.25,0.5,1,2
-2.2386374,53.452869,-365786342603668736,155,1,0,1,0,0.5,0.333333333333333,0.577350269189626,0.666666666666667,1.15470053837925
-2.2386525,53.4555655,2170932627127265024,207,0,0,0,1,0.25,0.25,0.5,1,2
-2.2369413,53.4187159,-4336210922221444608,130,0,0,0,3,0.75,2.25,1.5,3,2
-2.2369963,53.4286032,5653339338588610560,119,0,1,1,1,0.75,0.25,0.5,0.333333333333333,0.666666666666667
-2.2370113,53.4312998,-1978238725930452224,128,0,2,1,0,0.75,0.916666666666667,0.957427107756338,1.22222222222222,1.27656947700845
-2.2370263,53.4339963,1792755887877624576,60,0,2,1,0,0.75,0.916666666666667,0.957427107756338,1.22222222222222,1.27656947700845
-2.2371115,53.4492766,2344762110301972992,161,1,0,0,0,0.25,0.25,0.5,1,2
-2.235546,53.4384935,4407275766793588224,89,0,0,2,0,0.5,1,1,2,2
-2.235551,53.4393923,-1096417476978799872,88,0,0,1,0,0.25,0.25,0.5,1,2
-2.2355759,53.4438865,-6347256605029767168,61,1,0,1,1,0.75,0.25,0.5,0.333333333333333,0.666666666666667
-2.2355958,53.4474819,5410327202688686080,47,1,0,1,0,0.5,0.333333333333333,0.577350269189626,0.666666666666667,1.15470053837925
-2.2339962,53.4304069,1324871697041470208,126,0,2,0,1,0.75,0.916666666666667,0.957427107756338,1.22222222222222,1.27656947700845
-2.2340654,53.4429907,714908316503496448,105,0,1,0,0,0.25,0.25,0.5,1,2
-2.2341496,53.4582709,930560490126702336,154,0,0,0,1,0.25,0.25,0.5,1,2
-2.2324765,53.4277133,-8379407067270952960,70,0,0,1,1,0.5,0.333333333333333,0.577350269189626,0.666666666666667,1.15470053837925
-2.2325895,53.4483866,8168275209867833344,87,0,1,0,1,0.5,0.333333333333333,0.577350269189626,0.666666666666667,1.15470053837925
-2.232619,53.4537797,6587906498723319808,200,0,1,0,0,0.25,0.25,0.5,1,2
-2.2326583,53.4609704,-713330639290562816,67,1,0,0,0,0.25,0.25,0.5,1,2
-2.230913,53.4169301,6630881231908228096,94,0,1,0,0,0.25,0.25,0.5,1,2
-2.2309374,53.4214243,8451893241256805376,65,1,0,0,1,0.5,0.333333333333333,0.577350269189626,0.666666666666667,1.15470053837925
-2.2309618,53.4259185,914837195108424448,52,0,1,0,0,0.25,0.25,0.5,1,2
-2.231118,53.4546815,8939482039788779520,128,1,0,0,1,0.5,0.333333333333333,0.577350269189626,0.666666666666667,1.15470053837925
-2.2311229,53.4555803,-8696518199353304064,183,0,1,0,0,0.25,0.25,0.5,1,2
-2.2293988,53.4151353,-7462797119408285696,126,1,0,0,0,0.25,0.25,0.5,1,2
-2.2294327,53.4214272,-6550930651028420608,95,0,0,0,2,0.5,1,1,2,2
-2.2294375,53.422326,5109490113281945600,42,1,0,0,0,0.25,0.25,0.5,1,2
-2.2295248,53.4385052,5490546867625473024,106,0,0,1,0,0.25,0.25,0.5,1,2
-2.2279665,53.4286208,2002219221063584512,97,0,1,0,0,0.25,0.25,0.5,1,2
-2.2279905,53.433115,9047565372022458368,75,0,0,1,0,0.25,0.25,0.5,1,2
-2.2280869,53.4510919,5295842032891677696,188,0,2,1,0,0.75,0.916666666666667,0.957427107756338,1.22222222222222,1.27656947700845
-2.2263946,53.4160399,3139005698795420160,120,0,0,0,1,0.25,0.25,0.5,1,2
-2.2265045,53.4367133,-4987460484616721408,216,1,0,1,1,0.75,0.25,0.5,0.333333333333333,0.666666666666667
-2.224966,53.4304242,-8632736167207730176,87,2,1,1,1,1.25,0.25,0.5,0.2,0.4
-2.2250326,53.443008,798366337426970368,143,1,0,0,0,0.25,0.25,0.5,1,2
-2.2234468,53.4277305,-1665286631779139840,130,0,1,0,0,0.25,0.25,0.5,1,2
-2.2234515,53.4286294,-3885051586594279936,68,0,1,0,1,0.5,0.333333333333333,0.577350269189626,0.666666666666667,1.15470053837925
-2.2234893,53.4358201,-1899443703693874432,233,1,1,0,0,0.5,0.333333333333333,0.577350269189626,0.666666666666667,1.15470053837925
-2.2235035,53.4385167,5622205092667658240,197,0,0,0,2,0.5,1,1,2,2
-2.2219841,53.4358229,-6999757172534777856,65,0,0,1,0,0.25,0.25,0.5,1,2
-2.2219888,53.4367218,-4750652279158873088,129,0,0,1,0,0.25,0.25,0.5,1,2
-2.2204416,53.428635,7285485591490677760,92,0,1,0,0,0.25,0.25,0.5,1,2
-2.2204695,53.434028,-4548536731069058560,74,0,0,0,2,0.5,1,1,2,2
-2.2204882,53.4376234,-7807233609197935616,125,0,0,0,1,0.25,0.25,0.5,1,2
-2.2175143,53.4448197,8946372284072706048,1072,2,0,3,2,1.75,1.58333333333333,1.25830573921179,0.904761904761905,0.719031850978167
-2.2158674,53.4169582,-8718472296046286848,59,1,1,0,0,0.5,0.333333333333333,0.577350269189626,0.666666666666667,1.15470053837925
-2.2159403,53.4313398,8152756498381279232,100,0,0,0,1,0.25,0.25,0.5,1,2
-2.2159632,53.435834,3216089962247170560,225,1,0,4,1,1.5,3,1.73205080756888,2,1.15470053837925
-2.2159677,53.4367328,9151508420562744320,198,1,2,1,0,1,0.666666666666667,0.816496580927726,0.666666666666667,0.816496580927726
-2.2159905,53.441227,-2042129372955110656,76,0,0,0,1,0.25,0.25,0.5,1,2
-2.2143447,53.4133656,8.233662782216e+18,59,0,0,0,1,0.25,0.25,0.5,1,2
-2.2144172,53.4277471,-5063143801220542464,77,0,0,1,1,0.5,0.333333333333333,0.577350269189626,0.666666666666667,1.15470053837925
-2.2128583,53.4169636,3279445092628522496,95,0,1,1,0,0.5,0.333333333333333,0.577350269189626,0.666666666666667,1.15470053837925
-2.2130562,53.4565128,6176097716415318016,183,0,0,1,0,0.25,0.25,0.5,1,2
-2.211443,53.4349432,-7515390176565191680,203,1,1,0,0,0.5,0.333333333333333,0.577350269189626,0.666666666666667,1.15470053837925
-2.2115503,53.4565154,-3460602531935847936,225,0,0,0,1,0.25,0.25,0.5,1,2
-2.2099422,53.4358447,326207266914133760,93,1,0,0,0,0.25,0.25,0.5,1,2
-2.2084018,53.4286566,-440171921143551232,107,0,0,0,1,0.25,0.25,0.5,1,2
-2.2084987,53.4484312,8146950393721975808,76,1,0,1,2,1,0.666666666666667,0.816496580927726,0.666666666666667,0.816496580927726
-2.2055004,53.4511329,-3898422543634193920,108,0,0,0,1,0.25,0.25,0.5,1,2
-2.2055047,53.4520318,-2423363260010752512,114,0,1,0,0,0.25,0.25,0.5,1,2
-2.2024033,53.4331612,-3428396035518224896,107,0,1,0,0,0.25,0.25,0.5,1,2
-2.202446,53.4421496,2156531485321822976,134,0,1,0,0,0.25,0.25,0.5,1,2
-2.2009278,53.4394557,-5136236957986850816,60,0,1,0,0,0.25,0.25,0.5,1,2
-2.1979171,53.4394607,1409663803591229184,85,0,0,0,1,0.25,0.25,0.5,1,2
-2.1979255,53.4412584,4.589778490855e+18,71,0,0,1,0,0.25,0.25,0.5,1,2
-2.1979422,53.4448538,4275156216815710720,92,0,1,0,1,0.5,0.333333333333333,0.577350269189626,0.666666666666667,1.15470053837925
-2.1949229,53.443061,7755609775722644480,154,0,1,0,0,0.25,0.25,0.5,1,2
-2.1949847,53.4565437,-2611795365608670720,173,2,1,0,0,0.75,0.916666666666667,0.957427107756338,1.22222222222222,1.27656947700845
-2.1919849,53.4592451,5189010072430338048,3,1,0,0,0,0.25,0.25,0.5,1,2
-2.1904265,53.4475625,8968505345208781824,197,0,1,0,1,0.5,0.333333333333333,0.577350269189626,0.666666666666667,1.15470053837925
-2.18589,53.4430754,5101435445316724736,142,0,0,0,1,0.25,0.25,0.5,1,2
-2.1798376,53.4358939,-1373208676199908608,84,0,0,1,0,0.25,0.25,0.5,1,2
-2.1784342,53.460165,1409281485858153216,28,0,0,1,0,0.25,0.25,0.5,1,2
-2.2339271,53.417823,8192750167917288448,129,0,0,0,1,0.25,0.25,0.5,1,2
-2.2339419,53.4205196,-8258739389110681600,42,0,1,0,0,0.25,0.25,0.5,1,2
-2.2339814,53.4277103,-2844730841722044928,143,1,0,1,1,0.75,0.25,0.5,0.333333333333333,0.666666666666667
-2.2341001,53.4492825,-7879861645262226432,146,0,1,0,0,0.25,0.25,0.5,1,2
-2.2341248,53.4537767,-8461228321075833856,189,1,0,0,0,0.25,0.25,0.5,1,2
-2.232344,53.4034444,1369859514124336896,91,0,0,1,0,0.25,0.25,0.5,1,2
-2.2324519,53.4232191,-7137557640372761600,50,0,1,1,0,0.5,0.333333333333333,0.577350269189626,0.666666666666667,1.15470053837925
-2.23256,53.4429936,-6611040189940297728,92,1,0,0,0,0.25,0.25,0.5,1,2
-2.2310008,53.4331093,3765130686891165184,65,0,0,2,0,0.5,1,1,2,2
-2.2294811,53.4304156,8058580055550315520,26,0,1,0,0,0.25,0.25,0.5,1,2
-2.2295054,53.4349098,-1941781332229584128,157,1,0,0,3,1,2,1.4142135623731,2,1.4142135623731
-2.2295345,53.4403029,1428154178198687488,105,2,1,0,1,1,0.666666666666667,0.816496580927726,0.666666666666667,0.816496580927726
-2.2296024,53.4528867,1918539186592082688,142,2,0,0,0,0.5,1,1,2,2
-2.227851,53.4070485,7989331302452813824,18,0,0,1,0,0.25,0.25,0.5,1,2
-2.2279761,53.4304185,2607194088906411520,17,0,0,1,0,0.25,0.25,0.5,1,2
-2.2279809,53.4313174,6605258726129113088,63,0,1,0,0,0.25,0.25,0.5,1,2
-2.228005,53.4358116,-7919643824711274496,187,0,1,0,1,0.5,0.333333333333333,0.577350269189626,0.666666666666667,1.15470053837925
-2.2280821,53.450193,9002815133861495808,220,0,0,1,0,0.25,0.25,0.5,1,2
-2.2264902,53.4340168,2612546579876701696,100,0,0,1,0,0.25,0.25,0.5,1,2
-2.2265333,53.4421063,-347058017720241408,76,0,0,2,0,0.5,1,1,2,2
-2.2265428,53.443904,-3538626228222088704,88,2,0,0,0,0.5,1,1,2,2
-2.2265955,53.4537913,365944052952548096,150,1,0,0,0,0.25,0.25,0.5,1,2
-2.2250135,53.4394127,6956106475651308544,231,0,1,0,1,0.5,0.333333333333333,0.577350269189626,0.666666666666667,1.15470053837925
-2.2234421,53.4268317,-6920221009826230272,108,0,1,0,1,0.5,0.333333333333333,0.577350269189626,0.666666666666667,1.15470053837925
-2.223461,53.4304271,-7824352423801968640,90,0,1,1,0,0.5,0.333333333333333,0.577350269189626,0.666666666666667,1.15470053837925
-2.2219794,53.4349241,-8844048774107367424,92,0,0,1,0,0.25,0.25,0.5,1,2
-2.2220028,53.4394183,375865339822757632,152,1,0,0,1,0.5,0.333333333333333,0.577350269189626,0.666666666666667,1.15470053837925
-2.2204835,53.4367246,3948246908378179072,99,0,1,2,0,0.75,0.916666666666667,0.957427107756338,1.22222222222222,1.27656947700845
-2.2205161,53.4430165,-6412039205203809280,93,2,0,0,0,0.5,1,1,2,2
-2.2205208,53.4439153,7092477580561570816,304,1,1,1,1,1,0,0,0,0
-2.2205254,53.4448142,-5796022987657850880,258,1,0,2,0,0.75,0.916666666666667,0.957427107756338,1.22222222222222,1.27656947700845
-2.2189782,53.4367273,238082570720802528,132,0,1,2,0,0.75,0.916666666666667,0.957427107756338,1.22222222222222,1.27656947700845
-2.2190662,53.4538053,-3189500432746142208,66,0,0,0,1,0.25,0.25,0.5,1,2
-2.2159267,53.4286432,-3240470819446445568,70,0,0,1,0,0.25,0.25,0.5,1,2
-2.2160408,53.4511143,1231421132506268416,65,0,0,0,1,0.25,0.25,0.5,1,2
-2.2144262,53.4295448,-5917658966928366592,103,0,0,0,1,0.25,0.25,0.5,1,2
-2.2129032,53.4259521,7839024047361495040,50,0,1,0,0,0.25,0.25,0.5,1,2
-2.2129212,53.4295475,2794764792177640960,82,1,0,0,0,0.25,0.25,0.5,1,2
-2.2129662,53.4385359,5106185958443485184,80,0,0,1,0,0.25,0.25,0.5,1,2
-2.2129752,53.4403336,-1339551502089823488,235,0,2,0,1,0.75,0.916666666666667,0.957427107756338,1.22222222222222,1.27656947700845
-2.2115011,53.4466282,3028274080187649536,22,1,0,0,0,0.25,0.25,0.5,1,2
-2.2100354,53.4547204,-7346807625240610816,183,0,2,1,0,0.75,0.916666666666667,0.957427107756338,1.22222222222222,1.27656947700845
-2.208459,53.4403416,-6956907262948048896,73,0,1,0,0,0.25,0.25,0.5,1,2
-2.2084678,53.4421393,5056284384612568064,69,1,0,0,1,0.5,0.333333333333333,0.577350269189626,0.666666666666667,1.15470053837925
-2.2085251,53.4538242,626361775283264256,45,0,0,0,1,0.25,0.25,0.5,1,2
-2.2069012,53.4295581,-1196473024363992320,80,0,0,1,0,0.25,0.25,0.5,1,2
-2.207063,53.4628153,-6791448249597444096,162,1,0,0,0,0.25,0.25,0.5,1,2
-2.2039256,53.436754,-1727069700664024320,112,0,0,0,1,0.25,0.25,0.5,1,2
-2.2024289,53.4385543,3790267129959942656,94,0,1,0,0,0.25,0.25,0.5,1,2
-2.2024845,53.4502392,-2628932434383059456,103,0,0,0,1,0.25,0.25,0.5,1,2
-2.2025316,53.4601265,5910322793669601280,16,1,0,0,0,0.25,0.25,0.5,1,2
-2.2009363,53.4412533,-3194809308842756608,160,1,0,1,0,0.5,0.333333333333333,0.577350269189626,0.666666666666667,1.15470053837925
-2.2009915,53.4529383,6663465131450116096,175,0,1,0,0,0.25,0.25,0.5,1,2
-2.1993761,53.4295709,-8417821974472329216,82,1,0,0,0,0.25,0.25,0.5,1,2
-2.1994183,53.4385593,8764900647181942784,77,0,0,1,0,0.25,0.25,0.5,1,2
-2.1994393,53.4430536,-1054328030989892864,60,1,0,0,0,0.25,0.25,0.5,1,2
-2.1994941,53.4547385,5904146505774849024,172,0,1,0,0,0.25,0.25,0.5,1,2
-2.1979129,53.4385618,-1165019491066112256,97,0,1,0,0,0.25,0.25,0.5,1,2
-2.1979673,53.4502468,511846985846981376,76,0,1,0,0,0.25,0.25,0.5,1,2
-2.1964159,53.440362,-1797383590311320832,101,0,0,1,0,0.25,0.25,0.5,1,2
-2.1948611,53.4295783,501260970147179264,98,0,1,0,0,0.25,0.25,0.5,1,2
-2.1904587,53.4547533,-52777242890033432,276,0,0,1,1,0.5,0.333333333333333,0.577350269189626,0.666666666666667,1.15470053837925
-2.187439,53.4529604,-2965382484693500416,273,0,0,2,0,0.5,1,1,2,2
-2.1783663,53.4439858,6648551145307645952,162,0,1,0,0,0.25,0.25,0.5,1,2
-2.1618055,53.4440094,-7849722779446234112,47,0,0,0,1,0.25,0.25,0.5,1,2
-2.2835246,53.4096258,-3868089290279915008,97,0,3,0,0,0.75,2.25,1.5,3,2
-2.2820203,53.4096293,1639167866308311808,60,1,1,1,3,1.5,1,1,0.666666666666667,0.666666666666667
-2.2805278,53.4114306,-891839692390637824,88,2,1,3,1,1.75,0.916666666666667,0.957427107756338,0.523809523809524,0.547101204432193
-2.2805397,53.4132283,-1703840922334193920,106,0,1,0,0,0.25,0.25,0.5,1,2
-2.2774781,53.4051457,4743227286832869376,3,2,2,1,1,1.5,0.333333333333333,0.577350269189626,0.222222222222222,0.38490017945975
-2.2759449,53.400655,-1838526746947749120,24,0,0,1,0,0.25,0.25,0.5,1,2
-2.2745104,53.4114446,2776124305548314112,53,2,0,3,6,2.75,6.25,2.5,2.27272727272727,0.909090909090909
-2.2730003,53.4105492,3264365294101990912,56,2,4,2,2,2.5,1,1,0.4,0.4
-2.2716106,53.4285295,7754654589363493888,93,0,2,1,0,0.75,0.916666666666667,0.957427107756338,1.22222222222222,1.27656947700845
-2.2701798,53.4402178,-334622916531123456,91,0,0,1,0,0.25,0.25,0.5,1,2
-2.2669266,53.4015743,434616600594415360,51,1,0,0,0,0.25,0.25,0.5,1,2
-2.2671013,53.4294385,4752830125885518848,74,0,0,1,0,0.25,0.25,0.5,1,2
-2.265445,53.4051731,2432068764229373440,39,0,3,0,1,1,2,1.4142135623731,2,1.4142135623731
-2.2655571,53.42315,-6269426899360172032,80,2,1,2,0,1.25,0.916666666666667,0.957427107756338,0.733333333333333,0.765941686205071
-2.2656131,53.4321384,-5612665323381379072,68,1,0,0,0,0.25,0.25,0.5,1,2
-2.2640746,53.4267487,3915512869213211136,91,1,1,1,0,0.75,0.25,0.5,0.333333333333333,0.666666666666667
-2.2640857,53.4285464,5583329754769431552,39,0,0,0,1,0.25,0.25,0.5,1,2
-2.2641136,53.4330406,1535406850222064384,105,0,0,1,0,0.25,0.25,0.5,1,2
-2.2624699,53.4105728,-1.327355638836e+18,75,2,3,2,2,2.25,0.25,0.5,0.111111111111111,0.222222222222222
-2.2625309,53.4204601,4891468263654589440,85,3,0,0,0,0.75,2.25,1.5,3,2
-2.2626085,53.4330439,3428459109311216128,169,2,1,0,0,0.75,0.916666666666667,0.957427107756338,1.22222222222222,1.27656947700845
-2.2609491,53.4078796,-4929529844549730304,11,0,0,1,0,0.25,0.25,0.5,1,2
-2.2610262,53.4204634,7181367610090918912,71,0,2,2,1,1.25,0.916666666666667,0.957427107756338,0.733333333333333,0.765941686205071
-2.2610372,53.4222611,2373674782415586816,60,1,0,1,0,0.5,0.333333333333333,0.577350269189626,0.666666666666667,1.15470053837925
-2.2594613,53.4105794,-6729585906767551488,75,1,1,1,2,1.25,0.25,0.5,0.2,0.4
-2.259527,53.4213655,-1526408019100543232,77,2,0,0,0,0.5,1,1,2,2
-2.2595325,53.4222644,1073210327316535040,50,1,2,0,0,0.75,0.916666666666667,0.957427107756338,1.22222222222222,1.27656947700845
-2.2596092,53.4348482,-4902071317389609984,51,1,0,0,0,0.25,0.25,0.5,1,2
-2.2596476,53.44114,-1472872315449357568,109,0,0,0,1,0.25,0.25,0.5,1,2
-2.2579461,53.408785,-2304580479227862272,35,0,0,0,1,0.25,0.25,0.5,1,2
-2.2579515,53.4096838,8633174589380684800,59,0,1,0,0,0.25,0.25,0.5,1,2
-2.2581967,53.4501317,-3656874223088666112,94,0,1,0,0,0.25,0.25,0.5,1,2
-2.256523,53.4222709,-4803263671620214784,84,1,2,2,2,1.75,0.25,0.5,0.142857142857143,0.285714285714286
-2.2565284,53.4231697,4086883296991667712,67,1,1,0,1,0.75,0.25,0.5,0.333333333333333,0.666666666666667
-2.254916,53.405196,-1227387459988463872,81,1,0,0,0,0.25,0.25,0.5,1,2
-2.2550883,53.433959,-5515627397525846016,120,0,1,0,1,0.5,0.333333333333333,0.577350269189626,0.666666666666667,1.15470053837925
-2.292575,53.4131994,2042558176006065920,81,0,1,0,0,0.25,0.25,0.5,1,2
-2.2505357,53.4276767,-4605043858675276288,85,1,1,0,0,0.5,0.333333333333333,0.577350269189626,0.666666666666667,1.15470053837925
-2.2490413,53.4294776,8258526932177716224,38,1,0,0,0,0.25,0.25,0.5,1,2
-2.2910461,53.4096077,-7033744925809632256,88,0,1,0,0,0.25,0.25,0.5,1,2
-2.2474788,53.4195934,7550672329240293376,24,0,0,1,1,0.5,0.333333333333333,0.577350269189626,0.666666666666667,1.15470053837925
-2.2475311,53.4285818,-85258106907323680,75,0,1,0,0,0.25,0.25,0.5,1,2
-2.2459794,53.4204954,-1867165573360488704,130,1,0,1,0,0.5,0.333333333333333,0.577350269189626,0.666666666666667,1.15470053837925
-2.2460365,53.4303826,1972620468271658752,92,1,1,1,0,0.75,0.25,0.5,0.333333333333333,0.666666666666667
-2.2460573,53.433978,3987398267731691008,78,1,1,1,0,0.75,0.25,0.5,0.333333333333333,0.666666666666667
-2.244485,53.4222961,-7449776363043329024,111,0,1,2,1,1,0.666666666666667,0.816496580927726,0.666666666666667,0.816496580927726
-2.2835306,53.4105246,7604098981305784320,104,1,0,0,0,0.25,0.25,0.5,1,2
-2.2835365,53.4114235,-599914022812137728,87,1,0,0,0,0.25,0.25,0.5,1,2
-2.2429854,53.4231981,-4196545743510391296,200,0,2,1,1,1,0.666666666666667,0.816496580927726,0.666666666666667,0.816496580927726
-2.2430008,53.4258946,-3333398428424410624,64,1,0,0,1,0.5,0.333333333333333,0.577350269189626,0.666666666666667,1.15470053837925
-2.2430367,53.4321865,4044039980225276416,6,1,0,0,0,0.25,0.25,0.5,1,2
-2.2430778,53.4393772,-1348128342311861504,83,0,1,0,0,0.25,0.25,0.5,1,2
-2.2431086,53.4447703,-8017709101593391104,74,1,1,0,0,0.5,0.333333333333333,0.577350269189626,0.666666666666667,1.15470053837925
-2.241501,53.4267965,-2362496245308109312,164,2,1,0,0,0.75,0.916666666666667,0.957427107756338,1.22222222222222,1.27656947700845
-2.2415724,53.4393803,8075698790808280064,85,1,0,0,0,0.25,0.25,0.5,1,2
-2.241598,53.4438745,5684340272832868352,112,0,0,0,1,0.25,0.25,0.5,1,2
-2.241649,53.4528629,4692363966296759296,161,0,1,0,0,0.25,0.25,0.5,1,2
-2.2790352,53.4132318,-3774935843294848512,87,2,0,0,1,0.75,0.916666666666667,0.957427107756338,1.22222222222222,1.27656947700845
-2.2790411,53.4141306,-7625449010453911552,81,0,1,1,2,1,0.666666666666667,0.816496580927726,0.666666666666667,0.816496580927726
-2.2399809,53.424103,-8914764095853446144,28,0,0,0,1,0.25,0.25,0.5,1,2
-2.2400062,53.4285972,2217034846682305280,105,2,0,1,3,1.5,1.66666666666667,1.29099444873581,1.11111111111111,0.86066296582387
-2.2400316,53.4330914,4864007160313840640,95,0,1,1,0,0.5,0.333333333333333,0.577350269189626,0.666666666666667,1.15470053837925
-2.2400569,53.4375856,6757535819026676736,82,0,1,0,0,0.25,0.25,0.5,1,2
-2.2401077,53.4465741,1967058583868763904,86,0,1,0,1,0.5,0.333333333333333,0.577350269189626,0.666666666666667,1.15470053837925
-2.2774957,53.4078422,-2624142760926695936,58,6,8,7,5,6.5,1.66666666666667,1.29099444873581,0.256410256410256,0.198614530574739
-2.2384761,53.424106,7455604495458029568,110,0,0,1,1,0.5,0.333333333333333,0.577350269189626,0.666666666666667,1.15470053837925
-2.2384912,53.4268025,5700848537792485376,72,1,0,0,0,0.25,0.25,0.5,1,2
-2.2385718,53.441184,-2511794672459933184,29,1,0,0,0,0.25,0.25,0.5,1,2
-2.2386424,53.4537678,-8423021331820129280,120,0,0,1,0,0.25,0.25,0.5,1,2
-2.2371215,53.4510743,-6530821373774780416,249,0,1,0,0,0.25,0.25,0.5,1,2
-2.2744814,53.4069504,6195611650876767232,5,0,2,1,2,1.25,0.916666666666667,0.957427107756338,0.733333333333333,0.765941686205071
-2.272983,53.4078526,4915496558706316288,36,6,6,10,6,7,4,2,0.571428571428571,0.285714285714286
-2.2730175,53.4132457,-4782145369997310976,80,5,2,2,2,2.75,2.25,1.5,0.818181818181818,0.545454545454545
-2.2731732,53.4375144,7200972743470561280,159,0,1,0,0,0.25,0.25,0.5,1,2
-2.2354267,53.4169212,-7821686430230642688,90,1,0,0,0,0.25,0.25,0.5,1,2
-2.2354714,53.4250108,-2739475955360604672,41,0,1,1,0,0.5,0.333333333333333,0.577350269189626,0.666666666666667,1.15470053837925
-2.2354863,53.4277074,3940474903931937280,84,1,0,1,1,0.75,0.25,0.5,0.333333333333333,0.666666666666667
-2.2354963,53.4295051,5907111750548267008,68,0,1,0,0,0.25,0.25,0.5,1,2
-2.2355212,53.4339993,-5172998586944795648,68,0,0,0,1,0.25,0.25,0.5,1,2
-2.2714959,53.4105526,-1461972670923391232,27,1,0,1,2,1,0.666666666666667,0.816496580927726,0.666666666666667,0.816496580927726
-2.2339468,53.4214184,3866210393784345088,25,0,0,0,1,0.25,0.25,0.5,1,2
-2.2339715,53.4259126,-6686465332706485248,71,0,2,0,1,0.75,0.916666666666667,0.957427107756338,1.22222222222222,1.27656947700845
-2.2340111,53.4331034,6117293813175571456,46,0,0,1,0,0.25,0.25,0.5,1,2
-2.234105,53.4501814,-675658591883211008,176,1,0,0,1,0.5,0.333333333333333,0.577350269189626,0.666666666666667,1.15470053837925
-2.2684873,53.4105594,4125586489655690752,44,2,1,5,1,2.25,3.58333333333333,1.89296944860009,1.59259259259259,0.841319754933374
-2.268629,53.4330305,-3858656228141422080,34,0,1,0,0,0.25,0.25,0.5,1,2
-2.2324568,53.4241179,1499727434919714560,152,0,1,0,0,0.25,0.25,0.5,1,2
-2.2324666,53.4259156,6053765986964289536,68,0,0,0,1,0.25,0.25,0.5,1,2
-2.2325354,53.4384994,254661055632371424,103,0,0,0,1,0.25,0.25,0.5,1,2
-2.2325796,53.446589,6372824767379344384,80,1,0,0,0,0.25,0.25,0.5,1,2
-2.2670788,53.4258431,391464786909016832,63,1,1,0,0,0.5,0.333333333333333,0.577350269189626,0.666666666666667,1.15470053837925
-2.2310057,53.4340081,5156582636885568512,72,1,0,0,1,0.5,0.333333333333333,0.577350269189626,0.666666666666667,1.15470053837925
-2.231035,53.4394012,-1815531453946865920,78,1,0,3,0,1,2,1.4142135623731,2,1.4142135623731
-2.2310545,53.4429965,-6324197541620139008,68,1,0,0,0,0.25,0.25,0.5,1,2
-2.2311033,53.4519849,6309636384403672064,245,1,1,0,0,0.5,0.333333333333333,0.577350269189626,0.666666666666667,1.15470053837925
-2.2311522,53.4609733,-4908603884976535552,288,0,1,0,0,0.25,0.25,0.5,1,2
-2.2294036,53.4160341,5550452349734797312,111,0,1,0,0,0.25,0.25,0.5,1,2
-2.229452,53.4250226,-2693138554906410496,54,0,1,0,0,0.25,0.25,0.5,1,2
-2.2654674,53.4087685,1474928923222660864,22,2,0,1,1,1,0.666666666666667,0.816496580927726,0.666666666666667,0.816496580927726
-2.2655458,53.4213523,5332818407490085888,98,2,0,1,1,1,0.666666666666667,0.816496580927726,0.666666666666667,0.816496580927726
-2.2295539,53.4438983,-4857926703545975808,88,0,0,1,0,0.25,0.25,0.5,1,2
-2.2295733,53.4474936,-8785295911948409856,35,1,0,0,0,0.25,0.25,0.5,1,2
-2.2295878,53.4501902,-337148815173096704,257,0,0,1,2,0.75,0.916666666666667,0.957427107756338,1.22222222222222,1.27656947700845
-2.2296121,53.4546844,-4249953851068676608,157,1,0,0,0,0.25,0.25,0.5,1,2
-2.2279424,53.4241266,-6609305013830691840,77,0,1,0,1,0.5,0.333333333333333,0.577350269189626,0.666666666666667,1.15470053837925
-2.2280098,53.4367104,-7933624965339138048,126,1,1,0,1,0.75,0.25,0.5,0.333333333333333,0.666666666666667
-2.2280194,53.4385081,9060380230692686848,78,0,1,0,1,0.5,0.333333333333333,0.577350269189626,0.666666666666667,1.15470053837925
-2.2639353,53.4042776,-5000748289185958912,46,0,0,1,0,0.25,0.25,0.5,1,2
-2.2639409,53.4051764,-3620519211370242560,69,0,3,0,0,0.75,2.25,1.5,3,2
-2.2639743,53.4105695,-3382109692878681600,39,1,1,3,0,1.25,1.58333333333333,1.25830573921179,1.26666666666667,1.00664459136943
-2.262542,53.4222578,-9191006981421673472,91,1,0,0,0,0.25,0.25,0.5,1,2
-2.2265811,53.4510948,-4448903725428161024,137,1,1,0,1,0.75,0.25,0.5,0.333333333333333,0.666666666666667
-2.2610538,53.4249576,4761442091000527872,62,0,0,0,1,0.25,0.25,0.5,1,2
-2.2612082,53.4501251,-6176768344446593024,95,1,0,0,0,0.25,0.25,0.5,1,2
-2.2249803,53.4331208,6346194348643080192,102,1,0,0,1,0.5,0.333333333333333,0.577350269189626,0.666666666666667,1.15470053837925
-2.2233902,53.4169444,-2488835736889579008,49,0,1,0,0,0.25,0.25,0.5,1,2
-2.2234751,53.4331236,1318538324102906624,76,0,0,1,0,0.25,0.25,0.5,1,2
-2.2579569,53.4105827,-1304055161988246784,69,1,2,0,1,1,0.666666666666667,0.816496580927726,0.666666666666667,0.816496580927726
-2.2579624,53.4114815,-8943984299139856384,81,1,2,0,0,0.75,0.916666666666667,0.957427107756338,1.22222222222222,1.27656947700845
-2.2580114,53.4195711,-5630506995496367104,12,0,1,0,0,0.25,0.25,0.5,1,2
-2.2580986,53.4339526,-2140930473974053120,63,0,1,0,0,0.25,0.25,0.5,1,2
-2.2218388,53.4079587,7083662791674456064,24,0,0,0,1,0.25,0.25,0.5,1,2
-2.2218903,53.417846,801994998016254720,68,0,0,0,1,0.25,0.25,0.5,1,2
-2.2219606,53.4313287,6556808950070221824,91,2,2,0,0,1,1.33333333333333,1.15470053837925,1.33333333333333,1.15470053837925
-2.2219653,53.4322276,-1869086035885569280,88,0,0,0,1,0.25,0.25,0.5,1,2
-2.2220122,53.441216,-2179534003223870720,105,1,0,0,0,0.25,0.25,0.5,1,2
-2.2220591,53.4502044,-5633457953459053568,5,0,1,0,0,0.25,0.25,0.5,1,2
-2.2565122,53.4204732,7703115326415040512,89,3,3,0,0,1.5,3,1.73205080756888,2,1.15470053837925
-2.2549321,53.4078926,-4019754961068376576,144,2,0,1,1,1,0.666666666666667,0.816496580927726,0.666666666666667,0.816496580927726
-2.2550182,53.4222741,-2974098937060248064,42,0,0,2,4,1.5,3.66666666666667,1.91485421551268,2.44444444444444,1.27656947700845
-2.2537493,53.4618263,8451244521267567616,261,0,0,1,0,0.25,0.25,0.5,1,2
-2.2189736,53.4358285,1078598416710378240,65,0,0,0,1,0.25,0.25,0.5,1,2
-2.2174868,53.4394266,-6575243260077592576,178,1,0,1,1,0.75,0.25,0.5,0.333333333333333,0.666666666666667
-2.2504987,53.4213848,5087908755560570880,20,0,0,1,0,0.25,0.25,0.5,1,2
-2.2159495,53.4331374,5554013402670517248,103,2,0,0,1,0.75,0.916666666666667,0.957427107756338,1.22222222222222,1.27656947700845
-2.2159586,53.4349351,-4013253734775937536,50,2,0,2,0,1,1.33333333333333,1.15470053837925,1.33333333333333,1.15470053837925
-2.2160088,53.4448224,4.350342901985e+18,1370,2,3,2,5,3,2,1.4142135623731,0.666666666666667,0.471404520791032
-2.2160819,53.4592039,9085424801327512576,215,0,1,0,0,0.25,0.25,0.5,1,2
-2.2490255,53.426781,-8764412734895832064,25,0,1,0,0,0.25,0.25,0.5,1,2
-2.2490361,53.4285787,-4627353246679072768,44,0,3,0,0,0.75,2.25,1.5,3,2
-2.2144353,53.4313425,4450775207759208960,70,1,0,1,0,0.5,0.333333333333333,0.577350269189626,0.666666666666667,1.15470053837925
-2.2144625,53.4367355,6438886750611854336,175,0,1,0,0,0.25,0.25,0.5,1,2
-2.2144806,53.4403309,-8432013135001762816,181,0,1,1,0,0.5,0.333333333333333,0.577350269189626,0.666666666666667,1.15470053837925
-2.2474997,53.4231888,-6686144043772487680,100,0,0,2,2,1,1.33333333333333,1.15470053837925,1.33333333333333,1.15470053837925
-2.247552,53.4321772,-4058140380823038464,27,1,1,0,1,0.75,0.25,0.5,0.333333333333333,0.666666666666667
-2.2477037,53.4582436,917443353335346944,99,0,0,1,0,0.25,0.25,0.5,1,2
-2.2145758,53.4592066,3050256866538788352,266,0,0,0,1,0.25,0.25,0.5,1,2
-2.2459638,53.4177988,-467999802829036800,88,0,0,2,1,0.75,0.916666666666667,0.957427107756338,1.22222222222222,1.27656947700845
-2.2459846,53.4213942,-3703406836706119168,93,3,0,3,1,1.75,2.25,1.5,1.28571428571429,0.857142857142857
-2.2459898,53.4222931,8836286052516415488,88,0,2,1,0,0.75,0.916666666666667,0.957427107756338,1.22222222222222,1.27656947700845
-2.2460313,53.4294838,-4359770976128117248,115,0,0,2,0,0.5,1,1,2,2
-2.2461093,53.4429664,1881570706635958016,35,0,0,0,1,0.25,0.25,0.5,1,2
-2.2444489,53.4160042,9223038862220018688,45,0,0,0,1,0.25,0.25,0.5,1,2
-2.244454,53.4169031,298689095734143744,82,1,1,0,0,0.5,0.333333333333333,0.577350269189626,0.666666666666667,1.15470053837925
-2.2445005,53.4249927,3234379833674336768,69,0,0,0,1,0.25,0.25,0.5,1,2
-2.2446038,53.4429695,6910284263677735936,8,0,0,0,1,0.25,0.25,0.5,1,2
-2.2129617,53.4376371,2888821200930245120,171,1,0,1,1,0.75,0.25,0.5,0.333333333333333,0.666666666666667
-2.2429495,53.4169062,-7085462928774052864,40,0,0,0,1,0.25,0.25,0.5,1,2
-2.2429649,53.4196027,-772397042524158208,24,0,1,0,0,0.25,0.25,0.5,1,2
-2.2429803,53.4222992,-4694592861613360128,119,1,4,1,1,1.75,2.25,1.5,1.28571428571429,0.857142857142857
-2.2429957,53.4249958,-1258436531805519104,107,2,1,1,2,1.5,0.333333333333333,0.577350269189626,0.222222222222222,0.38490017945975
-2.2113983,53.4259548,3081117324728203776,68,0,0,1,0,0.25,0.25,0.5,1,2
-2.2114519,53.4367409,7270564017719112704,157,2,0,0,0,0.5,1,1,2,2
-2.2115369,53.4538189,-5846795182710761472,53,0,0,1,0,0.25,0.25,0.5,1,2
-2.2414449,53.4169092,-4396419013341610496,43,0,1,0,1,0.5,0.333333333333333,0.577350269189626,0.666666666666667,1.15470053837925
-2.2414857,53.4241,-777627377262632192,113,2,0,1,0,0.75,0.916666666666667,0.957427107756338,1.22222222222222,1.27656947700845
-2.2415418,53.4339872,7082614293997922304,99,0,1,0,3,1,2,1.4142135623731,2,1.4142135623731
-2.2415775,53.4402791,5488852250885940224,101,0,0,2,0,0.5,1,1,2,2
-2.2399505,53.4187099,-6670246767439250432,70,1,1,0,1,0.75,0.25,0.5,0.333333333333333,0.666666666666667
-2.2099511,53.4376424,-8256893900940640256,108,1,0,1,0,0.5,0.333333333333333,0.577350269189626,0.666666666666667,1.15470053837925
-2.2099689,53.4412378,-8719990101235387392,298,1,0,1,0,0.5,0.333333333333333,0.577350269189626,0.666666666666667,1.15470053837925
-2.2099733,53.4421366,-1307131450674290944,74,0,0,0,1,0.25,0.25,0.5,1,2
-2.2100399,53.4556193,6773736704220652544,192,0,0,0,1,0.25,0.25,0.5,1,2
-2.210071,53.4619112,-303954959868396800,25,0,0,0,1,0.25,0.25,0.5,1,2
-2.2385013,53.4286002,2011547966707298048,225,2,1,2,0,1.25,0.916666666666667,0.957427107756338,0.733333333333333,0.765941686205071
-2.2385164,53.4312968,5064235860744717312,107,0,1,1,0,0.5,0.333333333333333,0.577350269189626,0.666666666666667,1.15470053837925
-2.238592,53.4447794,875927322179815168,72,0,0,0,1,0.25,0.25,0.5,1,2
-2.2084106,53.4304543,76717496560756448,58,0,0,1,0,0.25,0.25,0.5,1,2
-2.2085339,53.4556219,-2294657047857349888,264,1,2,0,0,0.75,0.916666666666667,0.957427107756338,1.22222222222222,1.27656947700845
-2.2070061,53.4511303,1951166708016270080,112,0,0,0,1,0.25,0.25,0.5,1,2
-2.207028,53.4556245,6330947322528697344,145,0,0,1,0,0.25,0.25,0.5,1,2
-2.2369763,53.4250079,757539907781293824,17,0,0,1,0,0.25,0.25,0.5,1,2
-2.2370664,53.441187,-4507290772263857664,52,0,2,0,0,0.5,1,1,2,2
-2.2054526,53.4412457,-4376360269988951552,76,1,0,0,0,0.25,0.25,0.5,1,2
-2.2054786,53.4466387,8964591558958808064,58,0,0,0,1,0.25,0.25,0.5,1,2
-2.2354366,53.4187189,1831110034437583616,99,1,0,1,0,0.5,0.333333333333333,0.577350269189626,0.666666666666667,1.15470053837925
-2.2340308,53.4366988,-7804035194133021696,95,1,1,0,0,0.5,0.333333333333333,0.577350269189626,0.666666666666667,1.15470053837925
-2.202399,53.4322624,7763010932790104064,138,0,0,1,0,0.25,0.25,0.5,1,2
-2.2025059,53.4547334,3883774157943723520,81,0,2,0,0,0.5,1,1,2,2
-2.2324617,53.4250167,8033900399811363840,91,1,0,0,0,0.25,0.25,0.5,1,2
-2.2325845,53.4474878,8221848033549164544,80,0,1,0,0,0.25,0.25,0.5,1,2
-2.2309179,53.4178289,1730804429948460800,19,1,0,0,0,0.25,0.25,0.5,1,2
-2.2310301,53.4385023,2579377390074159616,87,0,0,1,1,0.5,0.333333333333333,0.577350269189626,0.666666666666667,1.15470053837925
-2.2311082,53.4528838,-3.393036391668e+18,293,0,0,1,0,0.25,0.25,0.5,1,2
-2.2294085,53.416933,-3704163276421668352,88,1,0,0,0,0.25,0.25,0.5,1,2
-2.2295102,53.4358087,5469992525177107456,168,2,0,1,0,0.75,0.916666666666667,0.957427107756338,1.22222222222222,1.27656947700845
-2.2279616,53.427722,-3570382531429227008,88,1,0,0,1,0.5,0.333333333333333,0.577350269189626,0.666666666666667,1.15470053837925
-2.2280387,53.4421035,5667093792309509120,31,1,0,0,0,0.25,0.25,0.5,1,2
-2.2280435,53.4430023,968577255053370112,51,0,2,0,0,0.5,1,1,2,2
-2.1993424,53.4223801,-93328729126487328,37,0,1,0,0,0.25,0.25,0.5,1,2
-2.1993803,53.4304697,5808810335194275840,84,1,0,0,0,0.25,0.25,0.5,1,2
-2.1994098,53.4367616,2687646291094928896,84,0,0,1,0,0.25,0.25,0.5,1,2
-2.1994857,53.4529408,-3934647001507265024,223,0,0,1,0,0.25,0.25,0.5,1,2
-2.2263707,53.4115456,2354152533650736640,43,1,0,0,0,0.25,0.25,0.5,1,2
-2.2264089,53.4187364,-4895999075251807232,111,1,0,0,0,0.25,0.25,0.5,1,2
-2.2264758,53.4313202,2074856114069270272,68,0,1,0,1,0.5,0.333333333333333,0.577350269189626,0.666666666666667,1.15470053837925
-2.226538,53.4430052,-8264113243388985344,49,1,0,0,0,0.25,0.25,0.5,1,2
-2.2265907,53.4528924,8974881322742455296,144,0,0,1,0,0.25,0.25,0.5,1,2
-2.2266051,53.455589,-8315898785141905408,54,1,0,0,0,0.25,0.25,0.5,1,2
-2.1978669,53.4286745,7415530803044256768,76,1,0,0,0,0.25,0.25,0.5,1,2
-2.2249138,53.4205369,6828428157920653312,69,1,0,0,0,0.25,0.25,0.5,1,2
-2.2249708,53.4313231,4085694961811889664,93,0,1,0,1,0.5,0.333333333333333,0.577350269189626,0.666666666666667,1.15470053837925
-2.2249898,53.4349184,7445145672644259840,93,0,0,0,1,0.25,0.25,0.5,1,2
-2.2249993,53.4367161,-540645561282566400,144,0,2,0,2,1,1.33333333333333,1.15470053837925,1.33333333333333,1.15470053837925
-2.2250992,53.4555918,-7985540914093089792,14,1,0,0,0,0.25,0.25,0.5,1,2
-2.1934419,53.4484565,6158419999054238720,70,0,1,0,0,0.25,0.25,0.5,1,2
-2.1935278,53.4673322,7192667593455248384,96,0,0,1,0,0.25,0.25,0.5,1,2
-2.2220263,53.4439125,3469400692901211648,254,0,2,1,0,0.75,0.916666666666667,0.957427107756338,1.22222222222222,1.27656947700845
-2.2205581,53.451106,7837758660262765568,95,1,0,1,0,0.5,0.333333333333333,0.577350269189626,0.666666666666667,1.15470053837925
-2.2206047,53.4600944,-473776894952236288,236,0,1,0,0,0.25,0.25,0.5,1,2
-2.218895,53.4205481,5359362757395174400,95,0,1,0,0,0.25,0.25,0.5,1,2
-2.2189967,53.4403227,6979754377297077248,80,0,1,0,0,0.25,0.25,0.5,1,2
-2.2190153,53.4439181,1677628643104896768,235,0,0,0,1,0.25,0.25,0.5,1,2
-2.1889089,53.4448684,4838236353993154560,141,1,0,1,0,0.5,0.333333333333333,0.577350269189626,0.666666666666667,1.15470053837925
-2.1889329,53.4502615,6151813983932230656,270,1,0,0,0,0.25,0.25,0.5,1,2
-2.1874152,53.4475673,-5301668569407059968,156,1,0,0,0,0.25,0.25,0.5,1,2
-2.2144579,53.4358367,-5907836537306072064,220,0,2,1,1,1,0.666666666666667,0.816496580927726,0.666666666666667,0.816496580927726
-2.2144715,53.4385332,-3715999795479526912,148,0,1,0,0,0.25,0.25,0.5,1,2
-2.2144851,53.4412298,6144301700758744064,177,1,1,0,1,0.75,0.25,0.5,0.333333333333333,0.666666666666667
-2.2145078,53.445724,732164389739623168,30,1,0,0,0,0.25,0.25,0.5,1,2
-2.2129527,53.4358394,4962667011358586880,156,1,0,0,1,0.5,0.333333333333333,0.577350269189626,0.666666666666667,1.15470053837925
-2.2129572,53.4367382,-4305349085330398720,100,1,0,0,0,0.25,0.25,0.5,1,2
-2.2099156,53.4304517,4928919717593872384,87,0,1,0,0,0.25,0.25,0.5,1,2
-2.2099644,53.4403389,6597514366643341312,174,0,0,1,0,0.25,0.25,0.5,1,2
-2.1814502,53.4610593,4128018963445196288,106,0,1,0,1,0.5,0.333333333333333,0.577350269189626,0.666666666666667,1.15470053837925
-2.2084634,53.4412404,8473212765388050432,195,0,1,0,1,0.5,0.333333333333333,0.577350269189626,0.666666666666667,1.15470053837925
-2.2068968,53.4286592,3882385889632459264,85,0,0,0,1,0.25,0.25,0.5,1,2
-2.2069274,53.4349511,4396447572900396544,36,1,0,0,0,0.25,0.25,0.5,1,2
-2.2039127,53.4340575,-6476202176266775552,91,0,0,1,1,0.5,0.333333333333333,0.577350269189626,0.666666666666667,1.15470053837925
-2.2025102,53.4556323,-2699312655897855488,146,0,0,0,1,0.25,0.25,0.5,1,2
-2.197938,53.4439549,8114529448243537920,122,0,0,1,0,0.25,0.25,0.5,1,2
-2.197959,53.4484491,3480972899170822656,70,1,0,0,0,0.25,0.25,0.5,1,2
-2.1979757,53.4520445,-737685139179657472,273,1,0,0,1,0.5,0.333333333333333,0.577350269189626,0.666666666666667,1.15470053837925
-2.1949188,53.4421622,-5997378529041820672,193,1,0,0,1,0.5,0.333333333333333,0.577350269189626,0.666666666666667,1.15470053837925
-2.1919606,53.453852,6539150498492449792,78,0,1,0,0,0.25,0.25,0.5,1,2
-2.1920337,53.4700312,-5251668395032580096,58,0,0,1,1,0.5,0.333333333333333,0.577350269189626,0.666666666666667,1.15470053837925
-2.1843689,53.4394824,5573943046570253312,201,0,0,1,0,0.25,0.25,0.5,1,2
